"–ò–º—è","–ì–æ—Ä–æ–¥ | –î–∞—Ç–∞","–ü—Ä–æ–≥—Ä–∞–º–º–∞"
"–ê–Ω–∂–µ–ª–∏–∫–∞ –ì—Ä–µ—á–∫–∏–Ω–∞","–°—É—Ä–≥—É—Ç | 3-4 –Ω–æ—è–±—Ä—è ; –°–∞–º–∞—Ä–∞ | 11‚Äì12 –Ω–æ—è–±—Ä—è; –ï–∫–∞—Ç–µ—Ä–∏–Ω–±—É—Ä–≥ | 18‚Äì19 –Ω–æ—è–±—Ä—è; –¢—é–º–µ–Ω—å | 2‚Äì3 –¥–µ–∫–∞–±—Ä—è; –ú–æ—Å–∫–≤–∞ | 10-11 –¥–µ–∫–∞–±—Ä—è;","–ê–ù–ñ–ï–õ–ò–ö–ê –ì–†–ï–ß–ö–ò–ù–ê @angelica_grechkina

–ê–≤—Ç–æ—Ä—Å–∫–∏–π –∫—É—Ä—Å: ¬´–ú–∞–≥–∏—è –≤–æ–ª–æ—Å –≤ –¥–≤–∏–∂–µ–Ω–∏–∏. –°–∞–ª–æ–Ω–Ω—ã–π –∫—Ä–µ–∞—Ç–∏–≤¬ª

üíá‚Äç‚ôÄÔ∏è 100% –ü—Ä–∞–∫—Ç–∏–∫–∏. –¢–æ–ª—å–∫–æ –∂–∏–≤—ã–µ –º–æ–¥–µ–ª–∏. –¢–æ–ª—å–∫–æ —Ä–µ–∑—É–ª—å—Ç–∞—Ç.
–§–æ—Ä–º–∞—Ç –æ–±—É—á–µ–Ω–∏—è ¬´–∏–∑ —Ä—É–∫ –≤ —Ä—É–∫–∏¬ª: –ø—Ä–µ–ø–æ–¥–∞–≤–∞—Ç–µ–ª—å —Å—Ç–∞–≤–∏—Ç —Ä—É–∫—É –∫–∞–∂–¥–æ–º—É —É—á–∞—Å—Ç–Ω–∏–∫—É

–ë—ã—Å—Ç—Ä–∞—è –æ—Ç—Ä–∞–±–æ—Ç–∫–∞ —Ç–µ—Ö–Ω–∏–∫: –∫–∞–∂–¥–∞—è —Ñ–æ—Ä–º–∞ ‚Äî –≤—Å–µ–≥–æ –∑–∞ 25 –º–∏–Ω—É—Ç

–í—Å–µ —Ç–µ—Ö–Ω–∏–∫–∏ ‚Äî –∫–æ–º–º–µ—Ä—á–µ—Å–∫–∏ –≤–æ—Å—Ç—Ä–µ–±–æ–≤–∞–Ω—ã –≤ —Å–∞–ª–æ–Ω–µ

–§—É—Ä—à–µ—Ç –∏ –æ–±—â–µ–Ω–∏–µ —Å –µ–¥–∏–Ω–æ–º—ã—à–ª–µ–Ω–Ω–∏–∫–∞–º–∏

–í—ã–¥–∞—á–∞ –∏–º–µ–Ω–Ω—ã—Ö —Å–µ—Ä—Ç–∏—Ñ–∏–∫–∞—Ç–æ–≤

üéØ –î–ª—è –∫–æ–≥–æ —ç—Ç–æ—Ç –∫—É—Ä—Å?
–ö—É—Ä—Å —Å–æ–∑–¥–∞–Ω —Å–ø–µ—Ü–∏–∞–ª—å–Ω–æ –¥–ª—è –¥–µ–π—Å—Ç–≤—É—é—â–∏—Ö –º–∞—Å—Ç–µ—Ä–æ–≤, –∫–æ—Ç–æ—Ä—ã–º –≤–∞–∂–Ω–æ:

–†–∞–±–æ—Ç–∞—Ç—å –±—ã—Å—Ç—Ä–æ –∏ –∫–∞—á–µ—Å—Ç–≤–µ–Ω–Ω–æ

–ü–æ–≤—ã—Å–∏—Ç—å —É—Ä–æ–≤–µ–Ω—å —Å—Ç—Ä–∏–∂–µ–∫ –∏ —É–∫–ª–∞–¥–æ–∫

–û—Å–≤–æ–∏—Ç—å –Ω–æ–≤—ã–µ —Ç–µ—Ö–Ω–∏–∫–∏ –≤ –∫–æ—Ä–æ—Ç–∫–∏–π —Å—Ä–æ–∫

–ü–æ–ª—É—á–∏—Ç—å –∑–∞—Ä—è–¥ –≤–¥–æ—Ö–Ω–æ–≤–µ–Ω–∏—è –∏ –ø–æ–¥–¥–µ—Ä–∂–∫—É –æ—Ç —Ç–æ–ø-—ç–∫—Å–ø–µ—Ä—Ç–∞

üë©‚Äçüè´ –û —Å–ø–∏–∫–µ—Ä–µ: –ê–Ω–∂–µ–ª–∏–∫–∞ –ì—Ä–µ—á–∫–∏–Ω–∞
–ú–∞—Ä–ª–µ–Ω –î–∏—Ç—Ä–∏—Ö hair-–∏–Ω–¥—É—Å—Ç—Ä–∏–∏ ‚Äî –∑–∞ —Å—Ç–∏–ª—å, —Ö–∞—Ä–∏–∑–º—É –∏ —Ç–æ—á–Ω–æ—Å—Ç—å —Ñ–æ—Ä–º

–ü–∞—Ä–∏–∫–º–∞—Ö–µ—Ä-—Å—Ç–∏–ª–∏—Å—Ç –º–µ–∂–¥—É–Ω–∞—Ä–æ–¥–Ω–æ–≥–æ —É—Ä–æ–≤–Ω—è

–ß–µ–º–ø–∏–æ–Ω –†–æ—Å—Å–∏–∏

–ù–æ–º–∏–Ω–∞–Ω—Ç One Shot Hair Awards (USA)

–õ–∞—É—Ä–µ–∞—Ç Termix Awards –≤ –Ω–æ–º–∏–Ω–∞—Ü–∏–∏ PRO. Hair Style Artist

–°–ø–∏–∫–µ—Ä –∏ —Ö—ç–¥–ª–∞–π–Ω–µ—Ä –ø—Ä–æ–µ–∫—Ç–∞ Beauty Travel

–ê–≤—Ç–æ—Ä –∫—É—Ä—Å–æ–≤, –∫—Ä–µ–∞—Ç–∏–≤–Ω—ã—Ö —à–æ—É –∏ —Ñ–æ—Ç–æ—Å–µ—Å—Å–∏–π

–ü—Ä–µ–ø–æ–¥–∞–≤–∞—Ç–µ–ª—å —Å –æ–ø—ã—Ç–æ–º, –∫–æ—Ç–æ—Ä—ã–π –≤–¥–æ—Ö–Ω–æ–≤–ª—è–µ—Ç

üß† –ß—Ç–æ –≤—ã –ø–æ–ª—É—á–∏—Ç–µ:
–ö–æ–º–º–µ—Ä—á–µ—Å–∫–∏–µ —Ñ–æ—Ä–º—ã —Å—Ç—Ä–∏–∂–µ–∫ ‚Äî —Å —É—á–µ—Ç–æ–º –∞–Ω–∞—Ç–æ–º–∏–∏ –∏ –∏–Ω–¥–∏–≤–∏–¥—É–∞–ª—å–Ω–æ—Å—Ç–∏ –∫–ª–∏–µ–Ω—Ç–∞

–†–∞–±–æ—Ç–∞ —Å —Ñ–∏–∑–∏–æ–ª–æ–≥–∏–µ–π: —á–µ—Ä–µ–ø, –ª–∏—Ü–æ, –ø—Ä–æ–ø–æ—Ä—Ü–∏–∏

–ö–æ—Ä—Ä–µ–∫—Ü–∏—è –≤–Ω–µ—à–Ω–æ—Å—Ç–∏ —Å –ø–æ–º–æ—â—å—é —Ñ–æ—Ä–º—ã

–ü–æ—Å—Ç–∞–Ω–æ–≤–∫–∞ —Ä—É–∫–∏: –æ—Ç —Ç–µ—Ö–Ω–∏–∫–∏ –∫ –∞–≤—Ç–æ–º–∞—Ç–∏–∑–º—É

–ü—Å–∏—Ö–æ–ª–æ–≥–∏—è –æ–±—â–µ–Ω–∏—è —Å –∫–ª–∏–µ–Ω—Ç–æ–º: –∫–∞–∫ —Å–ª—ã—à–∞—Ç—å –∏ –±—ã—Ç—å —É—Å–ª—ã—à–∞–Ω–Ω—ã–º

–†–∞–±–æ—Ç–∞ —Å –æ–±—Ä–∞–∑–æ–º —Ü–µ–ª–∏–∫–æ–º ‚Äî –Ω–µ –ø—Ä–æ—Å—Ç–æ —Å—Ç—Ä–∏–∂–∫–∞, –∞ —Å—Ç–∏–ª—å

üìò –§–æ—Ä–º–∞—Ç—ã —É—á–∞—Å—Ç–∏—è:
üîπ –° –æ—Ç—Ä–∞–±–æ—Ç–∫–æ–π (2 –¥–Ω—è):
6 –¥–µ–º–æ–Ω—Å—Ç—Ä–∞—Ü–∏–π –æ—Ç –ê–Ω–∂–µ–ª–∏–∫–∏

2 –ø–æ–ª–Ω–æ—Ü–µ–Ω–Ω—ã–µ –æ—Ç—Ä–∞–±–æ—Ç–∫–∏ –Ω–∞ –º–æ–¥–µ–ª—è—Ö

–ò–Ω–¥–∏–≤–∏–¥—É–∞–ª—å–Ω–∞—è –ø–æ—Å—Ç–∞–Ω–æ–≤–∫–∞ —Ä—É–∫–∏

–í—ã–¥–∞—á–∞ 2-—Ö —Å–µ—Ä—Ç–∏—Ñ–∏–∫–∞—Ç–æ–≤ –æ –ø—Ä–æ—Ö–æ–∂–¥–µ–Ω–∏–∏ –∫—É—Ä—Å–∞
–°—Ç–æ–∏–º–æ—Å—Ç—å: 37 000 ‚ÇΩ

üîπ –ë–µ–∑ –æ—Ç—Ä–∞–±–æ—Ç–∫–∏ (1 –¥–µ–Ω—å):
4 –¥–µ–º–æ–Ω—Å—Ç—Ä–∞—Ü–∏–æ–Ω–Ω—ã–µ —Ä–∞–±–æ—Ç—ã

–ü–æ–ª–Ω–æ—Ü–µ–Ω–Ω—ã–π –¥–µ–Ω—å –≤–¥–æ—Ö–Ω–æ–≤–µ–Ω–∏—è –∏ –æ–±—É—á–µ–Ω–∏—è

–í—ã–¥–∞—á–∞ —Å–µ—Ä—Ç–∏—Ñ–∏–∫–∞—Ç–∞ —É—á–∞—Å—Ç–Ω–∏–∫–∞
–°—Ç–æ–∏–º–æ—Å—Ç—å: 17 000 ‚ÇΩ

–ï—Å–ª–∏ —Ö–æ—á–µ—à—å –≤–∏–¥–µ—Ç—å —Ä–µ–∑—É–ª—å—Ç–∞—Ç —É–∂–µ –≤ –∫—Ä–µ—Å–ª–µ –∫–ª–∏–µ–Ω—Ç–∞ ‚Äî —ç—Ç–æ—Ç –∫—É—Ä—Å –¥–ª—è —Ç–µ–±—è.
–ö–æ–ª–∏—á–µ—Å—Ç–≤–æ –º–µ—Å—Ç —Å—Ç—Ä–æ–≥–æ –æ–≥—Ä–∞–Ω–∏—á–µ–Ω–æ!"
"–ë–æ–≥–¥–∞–Ω –ë–æ—Ä–æ–¥–∏–Ω"," –ú–æ—Å–∫–≤–∞ | 20‚Äì21 –æ–∫—Ç—è–±—Ä—è","–ë–æ–≥–¥–∞–Ω –ë–æ—Ä–æ–¥–∏–Ω @bogdan_ba16
¬´–°—Ç—Ä–∏–∂–∫–∏ –≤ –ø–æ—Ç–æ–∫–µ¬ª

üî•–ú–∞—Å—Ç–µ—Ä-–∫–ª–∞—Å—Å, –∫–æ—Ç–æ—Ä—ã–π –ø–æ–¥–æ–π–¥–µ—Ç –æ–ø—ã—Ç–Ω—ã–º –º–∞—Å—Ç–µ—Ä–∞–º –∏ –Ω–æ–≤–∏—á–∫–∞–º.

‚úÇÔ∏è–ß—Ç–æ –ø—Ä–æ–∏—Å—Ö–æ–¥–∏—Ç –Ω–∞ –º–∞—Å—Ç–µ—Ä-–∫–ª–∞—Å—Å–∞—Ö –ë–æ–≥–¥–∞–Ω–∞? –°–∫–æ—Ä–µ–µ –≤—Å–µ–≥–æ, –∏–º–µ–Ω–Ω–æ —ç—Ç–æ—Ç –≤–æ–ø—Ä–æ—Å —É –≤–∞—Å –≤–æ–∑–Ω–∏–∫ –ø–µ—Ä–≤—ã–º. ¬´–°—Ç—Ä–∏–∂–∫–∏ –≤ –ø–æ—Ç–æ–∫–µ¬ª- —ç—Ç–æ –æ —Ä–µ–∞–ª—å–Ω–æ–π —Ä–∞–±–æ—Ç–µ –∑–∞ –∫—Ä–µ—Å–ª–æ–º. –ë–µ–∑ –ø–∞—Ñ–æ—Å–∞ –∏ –Ω–∞–∏–≥—Ä–∞–Ω–Ω–æ—Å—Ç–∏. –ü—Ä–æ—Å—Ç–æ —á–µ—Å—Ç–Ω–∞—è, –ø–æ–Ω—è—Ç–Ω–∞—è —Ç–µ—Ö–Ω–∏–∫–∞ –¥–ª—è —Ç–µ—Ö, –∫—Ç–æ –∫–∞–∂–¥—ã–π –¥–µ–Ω—å —Ä–∞–±–æ—Ç–∞–µ—Ç —Å –ª—é–¥—å–º–∏. –ü—Ä–æ —Å–∫–æ—Ä–æ—Å—Ç—å, –ø—Ä–æ—Å—Ç–æ—Ç—É –∏ –ø—Ä–∞–∫—Ç–∏—á–Ω–æ—Å—Ç—å. –ü—Ä–æ —Ç–æ, —á—Ç–æ –¥–µ–π—Å—Ç–≤–∏—Ç–µ–ª—å–Ω–æ –Ω—É–∂–Ω–æ –∫–ª–∏–µ–Ω—Ç–∞–º.

–ó–¥–µ—Å—å –≤–∞—Å –Ω–∞—É—á–∞—Ç —Ä–∞–±–æ—Ç–∞—Ç—å:
‚ñ™Ô∏è–ë—ã—Å—Ç—Ä–æ ‚Äî —É–ª–æ–∂–∏—Ç—å—Å—è –≤ —á–∞—Å —Å —É—á—ë—Ç–æ–º –æ–±—â–µ–Ω–∏—è –∏ —á–∏—Å—Ç–∫–∏ –∏–Ω—Å—Ç—Ä—É–º–µ–Ω—Ç–∞;
‚ñ™Ô∏è–≠—Ñ—Ñ–µ–∫—Ç–∏–≤–Ω–æ ‚Äî –ø–æ–Ω–∏–º–∞—Ç—å, –∫–∞–∫ —Å—Ç—Ä–∏—á—å —Å —É–º–æ–º, –Ω–µ –∂–µ—Ä—Ç–≤—É—è –∫–∞—á–µ—Å—Ç–≤–æ–º;
‚ñ™Ô∏è–ü–æ-–Ω–∞—Å—Ç–æ—è—â–µ–º—É ‚Äî –±–µ–∑ –≤—ã–ª–∏–∑–∞–Ω–Ω—ã—Ö —Ñ–æ—Ç–æ, –∫–æ—Ç–æ—Ä—ã–µ —Å —Ä–µ–∞–ª—å–Ω–æ–π –∂–∏–∑–Ω—å—é –Ω–µ —Å–æ–≤–ø–∞–¥–∞—é—Ç.

–í –º–∞—Å—Ç–µ—Ä –∫–ª–∞—Å—Å –≤—Ö–æ–¥—è—Ç 3 –¥–µ–º–æ–Ω—Å—Ç—Ä–∞—Ü–∏–∏:
üíà–£–¥–ª–∏–Ω—ë–Ω–Ω–∞—è –∫–ª–∞—Å—Å–∏—á–µ—Å–∫–∞—è –º—É–∂—Å–∫–∞—è —Å—Ç—Ä–∏–∂–∫–∞;
üíà–ö–æ—Ä–æ—Ç–∫–∞—è –º—É–∂—Å–∫–∞—è —Å—Ç—Ä–∏–∂–∫–∞ –ø—Ä–∏ –∏—Å–ø–æ–ª—å–∑–æ–≤–∞–Ω–∏–∏ —Ç–µ—Ö–Ω–∏–∫–∏ –º–∞—à–∏–Ω–∫–∞ –ø–æ–≤–µ—Ä—Ö —Ä–∞—Å—á—ë—Å–∫–∏;
üíà–í—ã—Å–æ–∫–∏–π —Ñ—ç–π–¥ –∫–∞–∫ —Å–∞–º—ã–π —á–∞—Å—Ç—ã–π –∑–∞–ø—Ä–æ—Å –∫–ª–∏–µ–Ω—Ç–æ–≤.

‚ñ™Ô∏è–ü–æ—Å—Ç—Ä–æ–µ–Ω–∏–µ —Ñ–æ—Ä–º—ã —Å –ø–æ–º–æ—â—å—é —Ç–µ—Ö–Ω–∏–∫–∏ –º–∞—à–∏–Ω–∫–∞ –ø–æ –≤–≤–µ—Ä—Ö —Ä–∞—Å—á—ë—Å–∫–∏ –ø—Ä–∏ –º–∏–Ω–∏–º–∞–ª—å–Ω–æ–º –∏—Å–ø–æ–ª—å–∑–æ–≤–∞–Ω–∏–∏ –Ω–∞—Å–∞–¥–æ–∫.
‚ñ™Ô∏è–ö–∞–∫ –ø—Ä–æ–±–ª–µ–º–Ω—ã–µ –∑–æ–Ω—ã –∫–ª–∏–µ–Ω—Ç–∞ —Å–¥–µ–ª–∞—Ç—å –ø—Ä–µ–∏–º—É—â–µ—Å—Ç–≤–æ–º –∏–ª–∏ –∂–µ –ø–µ—Ä—Å–æ–Ω–∞–ª–∏–∑–∞—Ü–∏—è;
‚ñ™Ô∏è–°–∫–æ—Ä–æ—Å—Ç–Ω—ã–µ –∏ —ç—Ñ—Ñ–µ–∫—Ç–∏–≤–Ω—ã–µ —Å–ø–æ—Å–æ–±—ã –ø–æ—Å—Ç—Ä–æ–µ–Ω–∏—è —Å—Ç—Ä–∏–∂–∫–∏ –≤ —Ä–∞–º–∫–∞—Ö –ø–æ—Ç–æ–∫–æ–≤–æ–π —Ä–∞–±–æ—Ç—ã –∑–∞ –∫—Ä–µ—Å–ª–æ–º;
‚ñ™Ô∏è–°–æ–∑–¥–∞–Ω–∏–µ –ø—Ä–∞–∫—Ç–∏—á–Ω–æ–π —Å—Ç—Ä–∏–∂–∫–∏ —Å –º–∏–Ω–∏–º–∞–ª—å–Ω—ã–º –∏—Å–ø–æ–ª—å–∑–æ–≤–∞–Ω–∏–µ–º —Å—Ç–∞–π–ª–∏–Ω–≥–∞;
üî•–ê–≤—Ç–æ—Ä—Å–∫–∏–µ –ø—Ä–∏—ë–º—ã –∏ —Ñ–∏—à–∫–∏ –≤ —Ä–∞–±–æ—Ç–µ;
üî•–ü–ª—é—Å –≥—Ä–∞–º–æ—Ç–Ω–æ–µ –∏—Å–ø–æ–ª—å–∑–æ–≤–∞–Ω–∏–µ —Å—Ç–∞–π–ª–∏–Ω–≥–∞ Reuzel.

–ë–æ–≥–¥–∞–Ω –ë–æ—Ä–æ–¥–∏–Ω- –£—á–µ–Ω–∏–∫ –õ–∏–Ω–∞ –∏ –ë–µ—Ä—Ç—É—Å–∞, —Å–∫–∞–º–±–∞—Å—Å–∞–¥–æ—Ä –º–µ–∂–¥—É–Ω–∞—Ä–æ–¥–Ω–æ–π –∫–æ–º–∞–Ω–¥—ã Reuzel. –û–±—É—á–∞–ª—Å—è –≤ –ê–∫–∞–¥–µ–º–∏–∏ Schorem –≤ –†–æ—Ç—Ç–µ—Ä–¥–∞–º–µ. –î–∏—Ä–µ–∫—Ç–æ—Ä —à–∫–æ–ª—ã –ú–∞–Ω—É—Ñ–∞–∫—Ç—É—Ä–∞ –≤ –ï–∫–∞—Ç–µ—Ä–∏–Ω–±—É—Ä–≥–µ, –ø–æ–±–µ–¥–∏—Ç–µ–ª—å –≤ –Ω–æ–º–∏–Ω–∞—Ü–∏–∏ –û–ª–¥—Å–∫—É–ª –≤ –±–∞—Ä–±–µ—Ä –±–∞—Ç—Ç–ª–µ Barber King –≤ 2019 –≥–æ–¥—É.

–ì—Ä—É–ø–ø–∞ –Ω–∞ –æ—Ç—Ä–∞–±–æ—Ç–∫—É 7 —á–µ–ª–æ–≤–µ–∫

–°—Ç–æ–∏–º–æ—Å—Ç—å –∫—É—Ä—Å–∞ —Å –æ—Ç—Ä–∞–±–æ—Ç–∫–æ–π 18 000 —Ä—É–±–ª–µ–π ( –ø—Ä–∏–≤–µ–¥–∏ —Å–≤–æ—é –º–æ–¥–µ–ª—å –∏ –ø–æ–ª—É—á–∏ —Å–∫–∏–¥–∫—É 3 000 —Ä—É–±–ª–µ–π)

–°—Ç–æ–∏–º–æ—Å—Ç—å –∫—É—Ä—Å–∞ –±–µ–∑ –æ—Ç—Ä–∞–±–æ—Ç–∫–∏ 6 000 —Ä—É–±–ª–µ–π, –ø—Ä–∏ –∫–æ–ª–ª–µ–∫—Ç–∏–≤–Ω–æ–º –ø–æ—Å–µ—â–µ–Ω–∏–∏ –∫—É—Ä—Å–∞ —Å –∫–æ–ª–ª–µ–≥–∞–º–∏ ( –æ—Ç 2-—Ö —á–µ–ª–æ–≤–µ–∫ –≤–∫–ª—é—á–∏—Ç–µ–ª—å–Ω–æ) —Å—Ç–æ–∏–º–æ—Å—Ç—å 5 000 —Ä—É–±–ª–µ–π –∑–∞ –º–∞—Å—Ç–µ—Ä–∞"
"–ù–∞—Ç–∞–ª–∏ –ö—É–ª–∏–∫–æ–≤–∞","–¢—é–º–µ–Ω—å | 14‚Äì16 –æ–∫—Ç—è–±—Ä—è; –ú–æ—Å–∫–≤–∞ | 22‚Äì24 –æ–∫—Ç—è–±—Ä—è; –ö–∞–ª–∏–Ω–∏–Ω–≥—Ä–∞–¥ | 27‚Äì29 –æ–∫—Ç—è–±—Ä—è; –°–∞—Ä–∞—Ç–æ–≤ | 5‚Äì7 –Ω–æ—è–±—Ä—è; –ù–∏–∂–Ω–∏–π –ù–æ–≤–≥–æ—Ä–æ–¥ | 10‚Äì12 –Ω–æ—è–±—Ä—è","–ù–∞—Ç–∞–ª–∏ –ö—É–ª–∏–∫–æ–≤–∞ @natalycoolikovahair -–º–∞—Å—Ç–µ—Ä –º–µ–∂–¥—É–Ω–∞—Ä–æ–¥–Ω–æ–≥–æ –∫–ª–∞—Å—Å–∞, —Ç—Ä–µ–Ω–µ—Ä –ø–∞—Ä–∏–∫–º–∞—Ö–µ—Ä—Å–∫–æ–π —Å–µ–∫—Ü–∏–∏ ""–ì–µ–æ—Ä–≥–∏–π –ö–æ—Ç"", –ø–æ–±–µ–¥–∏—Ç–µ–ª—å  –í—Å–µ—Ä–æ—Å—Å–∏–π—Å–∫–∏—Ö –∫–æ–Ω–∫—É—Ä—Å–æ–≤ –∏ —á–µ–º–ø–∏–æ–Ω–∞—Ç–æ–≤ –ø–æ –ø–∞—Ä–∏–∫–º–∞—Ö–µ—Ä—Å–∫–æ–º—É –∏—Å–∫—É—Å—Å—Ç–≤—É, —Å–ø–∏–∫–µ—Ä –∫–æ–Ω–≥—Ä–µ—Å—Å–∞ Beauty Day                                                                                                          –ü—Ä–æ–≥—Ä–∞–º–º–∞ –∫—É—Ä—Å–∞ –°—Ç—Ä–∏–∂–µ–º –≤–º–µ—Å—Ç–µ
 
–î–µ–Ω—å –ø–µ—Ä–≤—ã–π

–†–∞–±–æ—Ç–∞ –Ω–∞ –º–∞–Ω–µ–∫–µ–Ω–∞—Ö –≤ —Ñ–æ—Ä–º–∞—Ç–µ ¬´Step by Step¬ª
–¢–∞–π–º–∏–Ω–≥: 10:00 - 19:00

–°—Ç—Ä–∏–∂–∫–∞ –Ω–∞ –¥–ª–∏–Ω–Ω—ã–µ –≤–æ–ª–æ—Å—ã –≤ —Ç–µ—Ö–Ω–∏–∫–µ –ø–µ—Ä–µ–Ω–∞–ø—Ä–∞–≤–ª–µ–Ω–∏—è –ø—Ä—è–¥–µ–π. ¬´4 —Å—Ä–µ–∑–∞¬ª
–ö–∞—Å–∫–∞–¥–Ω–∞—è —Å—Ç—Ä–∏–∂–∫–∞ ¬´ –ö–æ—Ä–µ–π—Å–∫–∏–π –∫–∞—Å–∫–∞–¥¬ª
–ö—Ä–µ–∞—Ç–∏–≤–Ω–∞—è –∫–∞—Å–∫–∞–¥–Ω–∞—è —Å—Ç—Ä–∏–∂–∫–∞ ¬´ WOLFCUT¬ª
–ö—Ä–µ–∞—Ç–∏–≤–Ω–∞—è —Ñ–æ—Ä–º–∞ MULLET

–î–µ–Ω—å –≤—Ç–æ—Ä–æ–π
–¢–∞–π–º–∏–Ω–≥: 10:00 - 19:00

–†–∞–±–æ—Ç–∞ –Ω–∞ –º–∞–Ω–µ–∫–µ–Ω–∞—Ö –≤ —Ñ–æ—Ä–º–∞—Ç–µ Step by step

–ö—Ä–µ–∞—Ç–∏–≤–Ω—ã–π –±–æ–± Natasha, —Å—Ö–µ–º–∞ –†–æ–º–±
–°—Ç—Ä–∏–∂–∫–∞ –≤ –∫–æ—Ä–µ–π—Å–∫–æ–º —Å—Ç–∏–ª–µ TOMBOY
–ö–æ—Ä–æ—Ç–∫–∞—è —Å—Ç—Ä–∏–∂–∫–∞ MIXIE –±–ª–µ–π–¥–æ–º

–ß–µ–ª–∫–∏
–£–¥–ª–∏–Ω–µ–Ω–Ω–∞—è —á–µ–ª–∫–∞ —Å –ø–µ—Ä–µ–∫—Ä—É—Ç–æ–º
–ß–µ–ª–∫–∞ —à—Ç–æ—Ä–∫–∞ –æ–¥–Ω–∏–º —Å—Ä–µ–∑–æ–º
–¢–µ–∫—Å—Ç—É—Ä–Ω–∞—è —Ñ—Ä–∞–Ω—Ü—É–∑—Å–∫–∞—è —á–µ–ª–∫–∞
–ß–µ–ª–∫–∞ –≤ –∫–æ—Ä–µ–π—Å–∫–æ–º —Å—Ç–∏–ª–µ
–¢–µ–∫—Ç—É—Ä–Ω–∞—è –∫—Ä–µ–∞—Ç–∏–≤–Ω–∞—è —á–µ–ª–∫–∞ –±–ª–µ–π–¥–æ–º ¬´–ó–∏–≥–∑–∞–≥¬ª
–ö—Ä–µ–∞—Ç–∏–≤–Ω–∞—è –≥—Ä–∞—Ñ–∏—á–Ω–∞—è —á–µ–ª–∫–∞ ¬´–û–±–æ–¥–æ–∫¬ª

–î–µ–Ω—å —Ç—Ä–µ—Ç–∏–π

–û—Ç—Ä–∞–±–æ—Ç–∫–∞ –ø–æ–ª—É—á–µ–Ω–Ω—ã—Ö –∑–Ω–∞–Ω–∏–π –Ω–∞ –º–æ–¥–µ–ª—è—Ö –ø–æ –∑–∞–ø—Ä–æ—Å—É –∫–ª–∏–µ–Ω—Ç–∞.

10:00
–î–µ–º–æ - –ø–æ–∫–∞–∑ –Ω–∞ –º–æ–¥–µ–ª–∏

12:00 -14:00 –ü–µ—Ä–≤–∞—è –æ—Ç—Ä–∞–±–æ—Ç–∫–∞ –Ω–∞ –º–æ–¥–µ–ª—è—Ö
14:30 - 16:30 –í—Ç–æ—Ä–∞—è –æ—Ç—Ä–∞–±–æ—Ç–∫–∞ –Ω–∞ –º–æ–¥–µ–ª—è—Ö

17:00 –í—Ä—É—á–µ–Ω–∏–µ –°–µ—Ä—Ç–∏—Ñ–∏–∫–∞—Ç–æ–≤

–ù–∞–≤—ã–∫–∏, –∫–æ—Ç–æ—Ä—ã–µ –ø—Ä–∏–æ–±—Ä–µ—Ç—É—Ç –ø–∞—Ä–∏–∫–º–∞—Ö–µ—Ä—ã –ø–æ—Å–ª–µ –ø—Ä–æ—Ö–æ–∂–¥–µ–Ω–∏—è —Ç—Ä–µ–Ω–∏–Ω–≥–∞:

–¢–µ—Ö–Ω–∏–∫–∞ –ø–µ—Ä–µ–Ω–∞–ø—Ä–∞–≤–ª–µ–Ω–∏—è –ø—Ä—è–¥–µ–π. –ö–∞–∫ —Ä–∞–±–æ—Ç–∞—é—Ç –∫—Ä—É–≥–ª—ã–µ —Å–ª–æ–∏?
–°—Ö–µ–º–∞ —Å—Ç—Ä–∏–∂–∫–∏ ¬´–†–û–ú–ë¬ª –¥–ª—è –º–∞–∫—Å–∏–º–∞–ª—å–Ω–æ–≥–æ –æ–±—ä–µ–º–∞ –Ω–∞ –≤–µ—Ä—Ö–Ω–µ–º –∑–∞—Ç—ã–ª–∫–µ –∏ —Ç–µ–º–µ–Ω–Ω–æ–º –±–ª–æ–∫–µ. –ö–∞–∫ –æ–Ω–∞ —Ä–∞–±–æ—Ç–∞–µ—Ç –∏ –≤ —á–µ–º –µ–µ –ø—Ä–µ–∏–º—É—â–µ—Å—Ç–≤–æ?
–°—Ö–µ–º—ã —Å—Ç—Ä–∏–∂–µ–∫ –¥–ª—è —Ç–æ–Ω–∫–∏—Ö –≤–æ–ª–æ—Å.
–¢–µ—Ö–Ω–∏–∫—É –æ–∫–∞–Ω—Ç–æ–≤–∫–∏ —Ç—Ä–∏–º–º–µ—Ä–æ–º –Ω–∞ —Ç–æ–Ω–∫–∏—Ö –≤–æ–ª–æ—Å–∞—Ö.
–¢–µ—Ö–Ω–∏–∫—É —Å—Ç—Ä–∏–∂–∫–∏ —Ñ–ª–∞–∂–∫–æ–≤—ã–º–∏ –Ω–æ–∂–Ω–∏—Ü–∞–º–∏, –∫–æ—Ç–æ—Ä—ã–µ —É—Å–∫–æ—Ä—è—é—Ç –ø—Ä–æ—Ü–µ—Å—Å —Ä–∞–±–æ—Ç—ã –Ω–∞ 40%
–¢–µ—Ö–Ω–∏–∫—É —Å—Ç—Ä–∏–∂–∫–∏ –∏ —Ç–µ–∫—Å—Ç—É—Ä–∏—Ä–æ–≤–∞–Ω–∏—è –±–ª–µ–π–¥–æ–º
–¢–µ—Ö–Ω–∏–∫—É –æ–±—ä–µ–º–Ω–æ–π —É–∫–ª–∞–¥–∫–∏ ¬´ –ù–∞—á–µ—Å –≤–æ–∑–¥—É—Ö–æ–º¬ª

–£—á–∞—Å—Ç–Ω–∏–∫–∏ —Ç—Ä–µ–Ω–∏–Ω–≥–∞ –Ω–∞—É—á–∞—Ç—Å—è

–°–≤–æ–±–æ–¥–Ω–æ –º–æ–¥–µ–ª–∏—Ä–æ–≤–∞—Ç—å –ª—é–±—É—é —Ñ–æ—Ä–º—É —Å—Ç—Ä–∏–∂–∫–∏, –≤ —Ç–æ–º —á–∏—Å–ª–µ, –ø–æ —Ñ–æ—Ç–æ –º–µ—á—Ç—ã –∏–∑ –ò–Ω—Ç–µ—Ä–Ω–µ—Ç–∞

–í—ã–±–∏—Ä–∞—Ç—å —Å—Ö–µ–º—É —Å—Ç—Ä–∏–∂–∫–∏ –≤ –∑–∞–≤–∏—Å–∏–º–æ—Å—Ç–∏ –æ—Ç –∑–∞–ø—Ä–æ—Å–∞ –∫–ª–∏–µ–Ω—Ç–∞, –∏–Ω–¥–∏–≤–∏–¥—É–∞–ª—å–Ω—ã—Ö –æ—Å–æ–±–µ–Ω–Ω–æ—Å—Ç–µ–π, —Å—Ç—Ä—É–∫—Ç—É—Ä—ã –≤–æ–ª–æ—Å

–ö–æ–º–±–∏–Ω–∏—Ä–æ–≤–∞—Ç—å —Å—Ö–µ–º—ã —Å—Ç—Ä–∏–∂–µ–∫, –∞ —Ç–∞–∫–∂–µ –≤–∞—Ä–∏–∞–Ω—Ç—ã –¥–∏–∑–∞–π–Ω–∞ —á–µ–ª–æ–∫
–û—Å–≤–æ—è—Ç —Ä–∞–±–æ—Ç—É –±–ª–µ–π–¥–æ–º, —Ç—Ä–∏–º–º–µ—Ä–æ–º, —Ñ–ª–∞–∂–∫–æ–≤—ã–º–∏ –Ω–æ–∂–Ω–∏—Ü–∞–º–∏

–ü–æ–ª—É—á–∞—Ç –æ–≥—Ä–æ–º–Ω–æ–µ –∫–æ–Ω–∫—É—Ä–µ–Ω—Ç–Ω–æ–µ –ø—Ä–µ–∏–º—É—â–µ—Å—Ç–≤–æ –≤ —Ä–∞–±–æ—Ç–µ, –∫–æ—Ç–æ—Ä–æ–µ –ø–æ–∑–≤–æ–ª–∏—Ç —Å–≤–æ–±–æ–¥–Ω–æ —á—É–≤—Å—Ç–≤–æ–≤–∞—Ç—å —Å–µ–±—è –Ω–∞ —Ä—ã–Ω–∫–µ –∏ —Ä–∞–±–æ—Ç–∞—Ç—å –Ω–∞ –≤—ã—Å–æ–∫–æ–º —á–µ–∫–µ.

–î–æ –≤—Å—Ç—Ä–µ—á–∏ –Ω–∞ —Ç—Ä–µ–Ω–∏–Ω–≥–µ ¬´–°—Ç—Ä–∏–∂–µ–º –≤–º–µ—Å—Ç–µ¬ª
–°—Ç–æ–∏–º–æ—Å—Ç—å –∫—É—Ä—Å–∞ (3 –¥–Ω—è) 35 000 —Ä—É–±–ª–µ–π"
"–ö—Å–µ–Ω–∏—è –ï—Å–µ–Ω–∏–Ω–∞","–ê—Å—Ç–∞–Ω–∞ | 5-6 –Ω–æ—è–±—Ä—è; –ö–∞–∑–∞–Ω—å | 18-19 –Ω–æ—è–±—Ä—è; –ù–æ–≤–æ—Å–∏–±–∏—Ä—Å–∫ | 21-22 –Ω–æ—è–±—Ä—è","–ï—Å–µ–Ω–∏–Ω–∞ –ö—Å–µ–Ω–∏—è @eseninakseniy
–ó–∞–ø–∞—Ç–µ–Ω—Ç–æ–≤–∞–Ω–Ω—ã–π –∫—É—Ä—Å –ø–æ –±–µ–∑–æ–ø–∞—Å–Ω–æ–º—É –æ—Å–≤–µ—Ç–ª–µ–Ω–∏—é –≤–æ–ª–æ—Å
¬´NEO BLOND¬ª

–ü–ê–¢–ï–ù–¢ –ü–ï–†–í–ò–ß–ù–û–ì–û –û–ë–ï–°–¶–í–ï–ß–ò–í–ê–ù–ò–Ø –í–û–õ–û–° –†–∞—Å—Å–µ–∫—Ä–µ—á–∏–≤–∞–Ω–∏–µ —Ç–µ—Ö–Ω–æ–ª–æ–≥–∏–∏
–ù–∞—Å—Ç–æ—è—â–µ–µ –æ—Ç–∫—Ä—ã—Ç–∏–µ –≤ —Å—Ñ–µ—Ä–µ –∫–æ–ª–æ—Ä–∏—Å—Ç–∏–∫–∏!

–ö—Å–µ–Ω–∏—è –ï—Å–µ–Ω–∏–Ω–∞
–ø–∞—Ä–∏–∫–º–∞—Ö–µ—Ä, –∫–æ–ª–æ—Ä–∏—Å—Ç, –±–ª–æ–Ω–¥-—ç–∫—Å–ø–µ—Ä—Ç,
–ø—Ä–µ–ø–æ–¥–∞–≤–∞—Ç–µ–ª—å –∫—É—Ä—Å–æ–≤ –ø–æ –∫–æ–ª–æ—Ä–∏—Å—Ç–∏–∫–µ, –∞–≤—Ç–æ—Ä –∑–∞–ø–∞—Ç–µ–Ω—Ç–æ–≤–∞–Ω–Ω–æ–π —Ç–µ—Ö–Ω–æ–ª–æ–≥–∏–∏ –æ—Å–≤–µ—Ç–ª–µ–Ω–∏—è –≤–æ–ª–æ—Å –±–µ–∑ –ø–æ–≤—Ä–µ–∂–¥–µ–Ω–∏—è NEOBLONDE –∏ —É—á–µ–±–Ω—ã—Ö –ø—Ä–æ–≥—Ä–∞–º–º –¥–ª—è –∫–æ–ª–æ—Ä–∏—Å—Ç–æ–≤;
–æ—Å–Ω–æ–≤–∞—Ç–µ–ª—å –∏ –∏–¥–µ–π–Ω—ã–π –≤–¥–æ—Ö–Ω–æ–≤–∏—Ç–µ–ª—å –±—å—é—Ç–∏-–¥–æ–º–æ–≤ ARTCRAFT beauty coworking

–ë–µ–∑ –ø—Ä–∏–≤—è–∑–∫–∏ –∫ –±—Ä–µ–Ω–¥–∞–º!

–°–æ–∑–¥–∞–Ω–∏–µ –±–ª–æ–Ω–¥–∞ - –≤—Å–µ–≥–¥–∞ –∫—Ä–æ–ø–æ—Ç–ª–∏–≤–∞—è —Ä–∞–±–æ—Ç–∞, —Ç–æ—á–Ω–æ –Ω–µ –¥–ª—è –ª–µ–Ω–∏–≤—ã—Ö –º–∞—Å—Ç–µ—Ä–æ–≤!
–°–ª–∏—à–∫–æ–º –º–Ω–æ–≥–æ —Ä–∏—Å–∫–æ–≤! –°–ª–∏—à–∫–æ–º –º–Ω–æ–≥–æ —Ç–æ—á–µ–∫ –∫–æ–Ω—Ç—Ä–æ–ª—è! –ò –±–µ–∑ –Ω–∏—Ö –Ω–µ–ª—å–∑—è!

–≠—Ç–æ—Ç –º–∞—Å—Ç–µ—Ä-–∫–ª–∞—Å—Å –¥–ª—è –ø—Ä–∞–∫—Ç–∏–∫—É—é—â–∏—Ö –º–∞—Å—Ç–µ—Ä–æ–≤
–ú—ã –ø–æ–≥–æ–≤–æ—Ä–∏–º –æ –ª–æ–º–∫–æ—Å—Ç–∏ –∏ —Å—É—Ö–æ—Å—Ç–∏ –≤–æ–ª–æ—Å, –æ –Ω–µ—Ä–æ–≤–Ω–æ—Å—Ç–∏ —Ü–≤–µ—Ç–∞, –æ –∑–∞–±–∏—Ç—ã—Ö –∏ –∂–µ–ª—Ç—ã—Ö –∫–æ–Ω—Ü–∞—Ö, –æ–± –æ–∂–æ–≥–∞—Ö –∫–æ–∂–∏ –≥–æ–ª–æ–≤—ã, –æ –¥–ª–∏–Ω–Ω—ã—Ö –∫–æ—Ä–Ω—è—Ö, –æ —Å–º—ã–≤–∫–∞—Ö –∏ –∂–µ–ª–∞–Ω–∏–∏ –≤—ã–π—Ç–∏ –∏–∑ —á—ë—Ä–Ω–æ–≥–æ –≤ –±–ª–æ–Ω–¥ –∏ –æ —Å—Ç—Ä–µ—Å—Å–∞—Ö –º–∞—Å—Ç–µ—Ä–∞ –≤ –ø—Ä–æ—Ü–µ—Å—Å–µ –æ—Å–≤–µ—Ç–ª–µ–Ω–∏—è –∏ –µ–≥–æ –ø–µ—Ä–µ–∂–∏–≤–∞–Ω–∏—è—Ö –Ω–µ —Å–∂–µ—á—å –≤–æ–ª–æ—Å—ã
–ê –µ—â—ë –æ–±—Å—É–¥–∏–º —Ä–æ–ª—å –¥–æ–º–∞—à–Ω–µ–≥–æ –∏ —Å–∞–ª–æ–Ω–Ω–æ–≥–æ –ø–æ–¥–¥–µ—Ä–∂–∏–≤–∞—é—â–µ–≥–æ –ø—Ä–æ—Ñ–µ—Å—Å–∏–æ–Ω–∞–ª—å–Ω–æ–≥–æ —É—Ö–æ–¥–∞ –æ—Ç ORIBLAN

–≠—Ç–æ —Ü–µ–ª—ã–π –Ω–∞–±–æ—Ä —Ñ–æ—Ä–º—É–ª –∏ —Ç–µ—Ö–Ω–∏–∫ –Ω–∞–Ω–µ—Å–µ–Ω–∏—è –¥–ª—è –∫–∞–∂–¥–æ–≥–æ —Å–ª—É—á–∞—è!
–≠—Ç–æ –ø—É–¥—Ä–∞, –∫—Ä–∞—Å–∫–∞ –∏ –æ–∫—Å–∏–¥! –í —Ä–∞–∑–Ω–æ–æ–±—Ä–∞–∑–Ω—ã—Ö –ø—Ä–æ–ø–æ—Ä—Ü–∏—è—Ö, –Ω–æ –≤—Å–µ–≥–¥–∞ –≤ –ø–æ–ª—å–∑—É —É–º–µ–Ω—å—à–µ–Ω–∏—è –æ–±–µ—Å—Ü–≤–µ—á–∏–≤–∞—é—â–µ–≥–æ –ø—Ä–æ–¥—É–∫—Ç–∞!
–ü–æ—Ä–æ—à–∫–∏ —É–±–∏–≤–∞—é—Ç –¥–∏—Å—É–ª—å—Ñ–∏–¥–Ω—ã–µ —Å–≤—è–∑–∏ (—Å–∞–º—ã–µ –≤–∞–∂–Ω—ã–µ –º–æ—Å—Ç–∏–∫–∏ –≤ –ø—Ä–æ—á–Ω–æ—Å—Ç–∏ –≤–æ–ª–æ—Å–∞)
–ß–µ–º –º–µ–Ω—å—à–µ –ø–æ—Ä–æ—à–∫–∞ –≤ –º–∏—Å–∫–µ - —Ç–µ–º –ª—É—á—à–µ –¥–ª—è –∫–∞—á–µ—Å—Ç–≤–∞ –≤–æ–ª–æ—Å–∞!
–ï—Å–ª–∏ –±—Ä–∞—Ç—å –ø—Ä–æ—Å—Ç–æ –∫—Ä–∞—Å–∫—É - —Ç–æ –Ω–∏–∫–æ–≥–¥–∞ –Ω–µ –ø–æ–ª—É—á–∏–º –±–µ–ª—ã—Ö –≤–æ–ª–æ—Å! –ò –∫–æ–ª–∏—á–µ—Å—Ç–≤–æ –∞–º–º–∏–∞–∫–∞ –≤ –∫—Ä–∞—Å–∫–µ –æ–ø—è—Ç—å –∂–µ —Å–∏–ª—å–Ω–æ –≤–ª–∏—è–µ—Ç –Ω–∞ —Å—Ç—Ä—É–∫—Ç—É—Ä—É –∏ –ø—Ä–∏–≤–æ–¥–∏—Ç –∫ –∏—Å—Ç–æ–Ω—á–µ–Ω–∏—é –∏ —Ö—Ä—É–ø–∫–æ—Å—Ç–∏ –≤–æ–ª–æ—Å!

–ö—Å–µ–Ω–∏—è –Ω–∞—à–ª–∞ —Å–æ–≤–µ—Ä—à–µ–Ω–Ω–æ –∏–Ω–æ–µ —Ä–µ—à–µ–Ω–∏–µ!
–í—Å–µ –µ–µ –∫–ª–∏–µ–Ω—Ç—ã –æ—Ç–º–µ—á–∞—é—Ç —Ä–∞–∑–Ω–∏—Ü—É! –ò –≤–æ–∑–≤—Ä–∞—â–∞—é—Ç—Å—è! –û—Ç—Ä–∞—â–∏–≤–∞—é—Ç –¥–ª–∏–Ω—É!
–°–æ—Ö—Ä–∞–Ω—è–µ—Ç—Å—è –±–ª–µ—Å–∫ –∏ —ç–ª–∞—Å—Ç–∏—á–Ω–æ—Å—Ç—å –≤–æ–ª–æ—Å!

–ê –º–∞—Å—Ç–µ—Ä—É –≥–æ—Ä–∞–∑–¥–æ –ø—Ä–æ—â–µ —É–ø—Ä–∞–≤–ª—è—Ç—å –ø—Ä–æ—Ü–µ—Å—Å–æ–º! –°–º–µ—Å—å –Ω–µ –≤—ã—Å—ã—Ö–∞–µ—Ç –∏ –Ω–µ –æ—Å—ã–ø–∞–µ—Ç—Å—è, –ø—Ä–æ—Å–∞—á–∏–≤–∞–µ—Ç—Å—è –≤ –ø—Ä—è–¥—å –Ω–∞—Å–∫–≤–æ–∑—å –∏ –¥–∞—ë—Ç —Ä–∞–≤–Ω–æ–º–µ—Ä–Ω—ã–π —Ñ–æ–Ω –æ—Å–≤–µ—Ç–ª–µ–Ω–∏—è!

–î–æ –≤—Å—Ç—Ä–µ—á–∏ –Ω–∞ —Å–∞–º–æ–º —à–∏–∫–∞—Ä–Ω–æ–º –∏ –ø–æ–∑–Ω–∞–≤–∞—Ç–µ–ª—å–Ω–æ–º –º–∞—Å—Ç–µ—Ä-–∫–ª–∞—Å—Å–µ –ø–æ –±–ª–æ–Ω–¥–∞–º

–°—Ç–æ–∏–º–æ—Å—Ç—å –∫—É—Ä—Å–∞ —Å –æ—Ç—Ä–∞–±–æ—Ç–∫–æ–π 25 000 —Ä—É–±–ª–µ–π
–°—Ç–æ–∏–º–æ—Å—Ç—å –∫—É—Ä—Å–∞ –±–µ–∑ –æ—Ç—Ä–∞–±–æ—Ç–∫–∏ 17 000 —Ä—É–±–ª–µ–π"
"–ê–ª–µ—Å—è –¢–µ–ø–µ—Ä–∏–∫–æ–≤–∞","–ú–æ—Å–∫–≤–∞ | 13-14 –æ–∫—Ç—è–±—Ä—è","–ú–∞—Å—Ç–µ—Ä-–∫–ª–∞—Å—Å —Å –æ—Ç—Ä–∞–±–æ—Ç–∫–æ–π
¬´–í–´–•–û–î –ò–ó –ß–Å–†–ù–û–ì–û. –°–õ–û–ñ–ù–´–ï –°–õ–£–ß–ê–ò –í –û–ö–†–ê–®–ò–í–ê–ù–ò–ò¬ª
–ê–≤—Ç–æ—Ä –∫—É—Ä—Å–∞: –ê–ª–µ—Å—è –¢–µ–ø–µ—Ä–∏–∫–æ–≤–∞ @alesya_teperikova ‚Äî –¢–û–ü-–∫–æ–ª–æ—Ä–∏—Å—Ç –†–æ—Å—Å–∏–∏, –ø—Ä–µ–ø–æ–¥–∞–≤–∞—Ç–µ–ª—å, –±–ª–æ–≥–µ—Ä, –æ—Å–Ω–æ–≤–∞—Ç–µ–ª—å –æ–Ω–ª–∞–π–Ω-—à–∫–æ–ª—ã PinCode.

üî• –≠—Ç–æ –æ–±—É—á–µ–Ω–∏–µ –¥–ª—è —Ç–µ—Ö, –∫—Ç–æ:
‚Äì –ë–æ–ª—å—à–µ –Ω–µ —Ö–æ—á–µ—Ç –±–æ—è—Ç—å—Å—è —á—ë—Ä–Ω–æ–≥–æ –ø–∏–≥–º–µ–Ω—Ç–∞
‚Äì –ò—â–µ—Ç —Ä–∞–±–æ—á–∏–µ —Å—Ö–µ–º—ã –±–µ–∑ –ø–æ—Ä–æ—à–∫–∞
‚Äì –ì–æ—Ç–æ–≤ —É–≤–µ—Ä–µ–Ω–Ω–æ –±—Ä–∞—Ç—å –≤ —Ä–∞–±–æ—Ç—É –¥–∞–∂–µ ¬´–∑–∞–±–∏—Ç—ã–µ¬ª –±–∞–∑—ã
‚Äì –•–æ—á–µ—Ç –æ—Å–≤–æ–∏—Ç—å —Å–æ–≤—Ä–µ–º–µ–Ω–Ω—ã–µ —Ç–µ—Ö–Ω–∏–∫–∏ —Ü–≤–µ—Ç–æ–≤—ã—Ö –±–∞–Ω—å –∏ –≤—ã–π—Ç–∏ –Ω–∞ –Ω–æ–≤—ã–π —É—Ä–æ–≤–µ–Ω—å –≤ –∫–æ–ª–æ—Ä–∏—Å—Ç–∏–∫–µ

üìå –ß—Ç–æ –≤–∞—Å –∂–¥—ë—Ç:
‚úä –ë–ª–æ–∫ 1. –í—ã—Ö–æ–¥ –∏–∑ —á—ë—Ä–Ω–æ–≥–æ
4 –ø–æ–ª–Ω–æ—Ü–µ–Ω–Ω—ã—Ö –∞–ª–≥–æ—Ä–∏—Ç–º–∞:

–ü–æ–ª–Ω—ã–π –ø—Ä–æ—Ç–æ–∫–æ–ª –≤—ã–≤–µ–¥–µ–Ω–∏—è

–†–∞–±–æ—Ç–∞ —Å –ø–æ–≤—Ä–µ–∂–¥—ë–Ω–Ω—ã–º–∏ –≤–æ–ª–æ—Å–∞–º–∏ –±–µ–∑ –ø–æ—Ä–æ—à–∫–∞

–°–ª–æ–∂–Ω—ã–µ —Å–ª—É—á–∞–∏ –ø–æ—Å–ª–µ —Ö–Ω—ã –∏ –±–∞—Å–º—ã

–ê–ª–≥–æ—Ä–∏—Ç–º –¥–ª—è –∑–∞–∫—Ä–∞—à–µ–Ω–Ω–æ–≥–æ –±–ª–æ–Ω–¥–∞

‚úä –ë–ª–æ–∫ 2. –ó–∞–±–∏—Ç—ã–π –±–ª–æ–Ω–¥
‚Äì –≠—Ñ—Ñ–µ–∫—Ç–∏–≤–Ω—ã–µ —Å—Ö–µ–º—ã —Å–º—ã–≤–æ–∫ –±–µ–∑ –ø–æ—Ä–æ—à–∫–∞
‚Äì –†–∞–±–æ—Ç–∞ —Å –ø–ª–æ—Ç–Ω—ã–º–∏ –ø–∏–≥–º–µ–Ω—Ç–∞–º–∏ –±–µ–∑ –∞–≥—Ä–µ—Å—Å–∏–∏ –∫ –≤–æ–ª–æ—Å—É

‚úä –ë–ª–æ–∫ 3. –¶–≤–µ—Ç–æ–≤—ã–µ –±–∞–Ω–∏
‚Äì –ö–ª–∞—Å—Å–∏—á–µ—Å–∫–∞—è
‚Äì –ü–µ–Ω–Ω–∞—è
‚Äì –ë–∞–Ω—è –Ω–∞ –∫–∏–ø—è—Ç–∫–µ
‚Äì –†–µ—Ç—É—à—å —Å–µ–¥–∏–Ω—ã (–±–µ–∑ –±–µ–π–¥–∏–Ω–≥–∞ –∏ ¬´—à–ª–µ–º–∞¬ª)
‚Äì 3D-–æ–∫—Ä–∞—à–∏–≤–∞–Ω–∏–µ
‚Äì –ü—Ä–µ–¥–ø–∏–≥–º–µ–Ω—Ç–∞—Ü–∏—è –∏ –∫–æ—Ä—Ä–µ–∫—Ü–∏—è –æ—Ç—Ç–µ–Ω–∫–æ–≤

‚úä –ë–ª–æ–∫ 4. –ú–∞—Ç–µ–º–∞—Ç–∏–∫–∞ —Ü–≤–µ—Ç–∞
‚Äì –°–æ–∑–¥–∞–Ω–∏–µ –∫–∏—Å–ª–æ—Ç–Ω–æ–≥–æ –∫—Ä–∞—Å–∏—Ç–µ–ª—è
‚Äì –¢–æ–Ω–∏—Ä–æ–≤–∞–Ω–∏–µ –ø—Ä–∏ –ø–æ–º–æ—â–∏ 3 –≥ –∫—Ä–∞—Å–∫–∏
‚Äì –ü—Ä–æ–∑—Ä–∞—á–Ω—ã–µ –±–ª–æ–Ω–¥—ã ‚Äî –∫–∞–∫ –¥–æ—Å—Ç–∏—á—å —Å–∏—è–Ω–∏—è, –Ω–µ –ø–µ—Ä–µ–≥—Ä—É–∂–∞—è –≤–æ–ª–æ—Å

üíº –§–æ—Ä–º–∞—Ç:
2 –¥–Ω—è –∂–∏–≤–æ–≥–æ –æ–±—É—á–µ–Ω–∏—è

–î–µ–º–æ –∏ –æ—Ç—Ä–∞–±–æ—Ç–∫–∞ –Ω–∞ –º–æ–¥–µ–ª—è—Ö

–õ–∏—á–Ω—ã–π –ø–æ–¥—Ö–æ–¥, –æ–±—Ä–∞—Ç–Ω–∞—è —Å–≤—è–∑—å –æ—Ç –ê–ª–µ—Å–∏

–û–±—â–µ–Ω–∏–µ, —ç–Ω–µ—Ä–≥–∏—è –∏ –∫–æ–ª–æ—Ä–∏—Å—Ç–∏–∫–∞ –±–µ–∑ —Å—Ç—Ä–∞—Ö–∞

üí∞ –°—Ç–æ–∏–º–æ—Å—Ç—å —É—á–∞—Å—Ç–∏—è:
30 000 ‚ÇΩ ‚Äî —Å –ø—Ä–∞–∫—Ç–∏–∫–æ–π –Ω–∞ –º–æ–¥–µ–ª—è—Ö

15 000 ‚ÇΩ ‚Äî —É—á–∞—Å—Ç–∏–µ –±–µ–∑ –æ—Ç—Ä–∞–±–æ—Ç–∫–∏ (—Ç–æ–ª—å–∫–æ —Ç–µ–æ—Ä–∏—è –∏ –¥–µ–º–æ–Ω—Å—Ç—Ä–∞—Ü–∏–∏)

üéÅ –ë–æ–Ω—É—Å:
–ü–æ–ª–µ–∑–Ω—ã–µ –º–∞—Ç–µ—Ä–∏–∞–ª—ã

–†–∞–±–æ—á–∏–µ —Ä–µ—Ü–µ–ø—Ç—ã

–°–µ—Ä—Ç–∏—Ñ–∏–∫–∞—Ç —É—á–∞—Å—Ç–Ω–∏–∫–∞

–ò, –≥–ª–∞–≤–Ω–æ–µ ‚Äî —É–≤–µ—Ä–µ–Ω–Ω–æ—Å—Ç—å –≤ —Å–µ–±–µ –∫–∞–∫ –º–∞—Å—Ç–µ—Ä–µ"
"–ü–∞–≤–µ–ª –õ–∞—Ä—Å–∫–∏–π"," –†–æ—Å—Ç–æ–≤-–Ω–∞-–î–æ–Ω—É | 21‚Äì23 –æ–∫—Ç—è–±—Ä—è 2025; –¢—é–º–µ–Ω—å | 20‚Äì22 –Ω–æ—è–±—Ä—è 2025; –ù–æ–≤–æ—Å–∏–±–∏—Ä—Å–∫ | 24‚Äì26 –Ω–æ—è–±—Ä—è 2025; –°–∞–Ω–∫—Ç-–ü–µ—Ç–µ—Ä–±—É—Ä–≥ | 8‚Äì10 –¥–µ–∫–∞–±—Ä—è 2025; –ú–æ—Å–∫–≤–∞ | 26‚Äì28 —è–Ω–≤–∞—Ä—è 2026; –ö—Ä–∞—Å–Ω–æ–¥–∞—Ä | 9‚Äì11 —Ñ–µ–≤—Ä–∞–ª—è 2026; –ù–∏–∂–Ω–∏–π –ù–æ–≤–≥–æ—Ä–æ–¥ | 25‚Äì27 —Ñ–µ–≤—Ä–∞–ª—è 2026: –ï–∫–∞—Ç–µ—Ä–∏–Ω–±—É—Ä–≥ | 18-20 –º–∞—Ä—Ç–∞; –í–ª–∞–¥–∏–≤–æ—Å—Ç–æ–∫ | 23-25 –º–∞—Ä—Ç–∞","–ö—É—Ä—Å –ü–∞–≤–ª–∞ –õ–∞—Ä—Å–∫–æ–≥–æ @chemistryhair
¬´–û—Å–Ω–æ–≤—ã —Ç–µ—Ö–Ω–æ–ª–æ–≥–∏–∏ –∫–æ—Å–º–µ—Ç–∏—á–µ—Å–∫–∏—Ö —Å—Ä–µ–¥—Å—Ç–≤ –¥–ª—è –≤–æ–ª–æ—Å¬ª
üë®‚Äçüè´ –õ–µ–∫—Ç–æ—Ä: –ü–∞–≤–µ–ª –õ–∞—Ä—Å–∫–∏–π ‚Äî –Ω–µ–∑–∞–≤–∏—Å–∏–º—ã–π —Ç–µ—Ö–Ω–æ–ª–æ–≥-—Ä–∞–∑—Ä–∞–±–æ—Ç—á–∏–∫ –∫–æ—Å–º–µ—Ç–∏—á–µ—Å–∫–∏—Ö —Å—Ä–µ–¥—Å—Ç–≤, –≤—ã–ø—É—Å–∫–Ω–∏–∫ –ú–ì–£

üî¨ –û –∫—É—Ä—Å–µ
3-–¥–Ω–µ–≤–Ω—ã–π —Ç–µ–æ—Ä–µ—Ç–∏—á–µ—Å–∫–∏–π –∫—É—Ä—Å, –æ—Å–Ω–æ–≤–∞–Ω–Ω—ã–π –Ω–∞ –ø–æ—Å–ª–µ–¥–Ω–∏—Ö –Ω–∞—É—á–Ω—ã—Ö –¥–∞–Ω–Ω—ã—Ö, –∫–æ—Ç–æ—Ä—ã–π —Ä–∞—Å–∫–ª–∞–¥—ã–≤–∞–µ—Ç –ø–æ –ø–æ–ª–æ—á–∫–∞–º –≤—Å—ë, —á—Ç–æ –≤—ã –¥–æ–ª–∂–Ω—ã –∑–Ω–∞—Ç—å –æ –≤–æ–ª–æ—Å–µ –∏ –∫–æ—Å–º–µ—Ç–∏–∫–µ –¥–ª—è –Ω–µ–≥–æ ‚Äî –æ—Ç —Å—Ç—Ä—É–∫—Ç—É—Ä—ã –∏ —Ç–∏–ø–æ–≤ –ø–æ–≤—Ä–µ–∂–¥–µ–Ω–∏–π –¥–æ —Ö–∏–º–∏–∏ –∫–æ–º–ø–æ–Ω–µ–Ω—Ç–æ–≤.

üß† –ö–æ–º—É –ø–æ–¥–æ–π–¥—ë—Ç:
—Ç–µ—Ö–Ω–æ–ª–æ–≥–∞–º, –∫–æ–ª–æ—Ä–∏—Å—Ç–∞–º –∏ –ø–∞—Ä–∏–∫–º–∞—Ö–µ—Ä–∞–º-—ç–∫—Å–ø–µ—Ä—Ç–∞–º;

—Ä–∞–∑—Ä–∞–±–æ—Ç—á–∏–∫–∞–º —Å–æ–±—Å—Ç–≤–µ–Ω–Ω—ã—Ö –ª–∏–Ω–µ–µ–∫ —É—Ö–æ–¥–∞;

—Ç–µ–º, –∫—Ç–æ —Ö–æ—á–µ—Ç –ø—Ä–æ–¥–∞–≤–∞—Ç—å —Å–≤–æ–∏ —É—Å–ª—É–≥–∏ –¥–æ—Ä–æ–∂–µ, –∞—Ä–≥—É–º–µ–Ω—Ç–∏—Ä—É—è —ç—Ç–æ –∑–Ω–∞–Ω–∏–µ–º —Å–æ—Å—Ç–∞–≤–∞ –∏ –º–µ—Ö–∞–Ω–∏–∑–º–æ–≤ –≤–æ–∑–¥–µ–π—Å—Ç–≤–∏—è.

üìò –ü—Ä–æ–≥—Ä–∞–º–º–∞ –∫—É—Ä—Å–∞
üìå –î–µ–Ω—å 1‚Äì2. –°—Ç—Ä—É–∫—Ç—É—Ä–∞ –≤–æ–ª–æ—Å–∞ –∏ —Å–∏—Å—Ç–µ–º–∞ –≤–æ—Å—Å—Ç–∞–Ω–æ–≤–ª–µ–Ω–∏—è
–ë–ª–æ–∫ 1. –í–æ–ª–æ—Å: –æ—Ç –∫–æ—Ä–Ω—è –¥–æ –∫–æ–Ω—á–∏–∫–æ–≤
–§–∞–∑—ã —Ä–æ—Å—Ç–∞ –≤–æ–ª–æ—Å: –∫–∞–∫ –º–æ–∂–Ω–æ –≤–ª–∏—è—Ç—å –∏ —Å—Ç–∏–º—É–ª–∏—Ä–æ–≤–∞—Ç—å —Ä–æ—Å—Ç

–°–∏—Å—Ç–µ–º–∞ –ø–æ—Å—Ç—Ä–æ–µ–Ω–∏—è —Å—Ä–µ–¥—Å—Ç–≤ –¥–ª—è —Ä–æ—Å—Ç–∞

–ë–ª–æ–∫ 2. –°—Ç–µ—Ä–∂–µ–Ω—å –≤–æ–ª–æ—Å–∞ –∏ –µ–≥–æ —Å–æ—Å—Ç–∞–≤
–ö—É—Ç–∏–∫—É–ª–∞: —Å—Ç—Ä–æ–µ–Ω–∏–µ, —Ä–æ–ª—å 18-–º–µ—Ç–∏–ª—ç–π–∫–æ–∑–∞–Ω–æ–≤–æ–π –∫–∏—Å–ª–æ—Ç—ã, —ç–ø–∏–∫—É—Ç–∏–∫—É–ª–∞, –∞-—Å–ª–æ–π, —ç–∫–∑–æ- –∏ —ç–Ω–¥–æ–∫—É—Ç–∏–∫—É–ª–∞, –ö–ö–ú1

–ù–æ–≤—ã–µ –æ—Ç–∫—Ä—ã—Ç–∏—è –≤ —Å—Ç—Ä—É–∫—Ç—É—Ä–µ –≤–æ–ª–æ—Å: —Ñ–∞–∫—Ç–æ—Ä—ã –ø—Ä–æ—á–Ω–æ—Å—Ç–∏

–ö–ö–ú 2 –∏ –ö–ö–ú 3: –∏–∑ —á–µ–≥–æ —Å–æ—Å—Ç–æ—è—Ç, –∫–∞–∫ –≤–æ—Å–ø–æ–ª–Ω—è—Ç—å

–ö–æ—Ä—Ç–µ–∫—Å –∏ —Ç–∏–ø—ã –∫–æ—Ä—Ç–∏–∫–∞–ª—å–Ω—ã—Ö –∫–ª–µ—Ç–æ–∫: –∞–º–∏–Ω–æ–∫–∏—Å–ª–æ—Ç—ã, –ø–µ–ø—Ç–∏–¥—ã, –ø—Ä–æ—Ç–µ–∏–Ω—ã, —Ç–∏–ø—ã —Å–≤—è–∑–µ–π

–ú–µ–¥—É–ª–ª–∞ –∏ –µ—ë —Ñ—É–Ω–∫—Ü–∏–∏

–õ–∏–ø–∏–¥—ã –≤–æ–ª–æ—Å–∞: –∫–∞–∫–∏–µ –±—ã–≤–∞—é—Ç –∏ –∫–∞–∫ –≤–æ—Å–ø–æ–ª–Ω—è—é—Ç—Å—è

–ë–ª–æ–∫ 3. –ü–æ–≤—Ä–µ–∂–¥–µ–Ω–∏—è –∏ –≤–æ—Å—Å—Ç–∞–Ω–æ–≤–ª–µ–Ω–∏–µ
–ß—Ç–æ —Ä–∞–∑—Ä—É—à–∞–µ—Ç —Å—Ç—Ä—É–∫—Ç—É—Ä—É –≤–æ–ª–æ—Å–∞: –æ—Ç –º–µ—Ö–∞–Ω–∏–∫–∏ –¥–æ —Ö–∏–º–∏–∏

–ì—Ä–∞–¥–∞—Ü–∏—è –ø–æ–≤—Ä–µ–∂–¥–∞—é—â–∏—Ö —Ñ–∞–∫—Ç–æ—Ä–æ–≤

–°—Ç–µ–ø–µ–Ω–∏ –ø–æ–≤—Ä–µ–∂–¥–µ–Ω–∏—è: –∫–∞–∫ –æ–ø—Ä–µ–¥–µ–ª–∏—Ç—å –∏ –ø–æ–¥—Ç–≤–µ—Ä–¥–∏—Ç—å –Ω–∞—É—á–Ω–æ

–ú–æ–ª–µ–∫—É–ª—è—Ä–Ω–∞—è –ø—Ä–æ–Ω–∏—Ü–∞–µ–º–æ—Å—Ç—å: –∫–∞–∫ –ø–æ–Ω—è—Ç—å, –ø—Ä–æ–Ω–∏–∫–∞–µ—Ç –ª–∏ –∞–∫—Ç–∏–≤ –≤ –≤–æ–ª–æ—Å

–°—Ç—Ä–∞—Ç–µ–≥–∏–∏ —Ä–µ–∫–æ–Ω—Å—Ç—Ä—É–∫—Ü–∏–∏ –∏ –≤–æ—Å—Å—Ç–∞–Ω–æ–≤–ª–µ–Ω–∏—è —Å—Ç—Ä—É–∫—Ç—É—Ä—ã –≤–æ–ª–æ—Å–∞

üìå –î–µ–Ω—å 3. –ö–æ—Å–º–µ—Ç–∏—á–µ—Å–∫–∞—è –∏ –∫–æ–ª–ª–æ–∏–¥–Ω–∞—è —Ö–∏–º–∏—è
–ë–ª–æ–∫ 4. –ö–æ—Å–º–µ—Ç–∏—á–µ—Å–∫–∞—è —Ñ–æ—Ä–º—É–ª–∞ –ø–æ–¥ –º–∏–∫—Ä–æ—Å–∫–æ–ø–æ–º
–¢–∏–ø—ã —Å–º–µ—Å–µ–π: —Ä–∞—Å—Ç–≤–æ—Ä—ã, –≥–µ–ª–∏, —ç–º—É–ª—å—Å–∏–∏, —Å—É—Å–ø–µ–Ω–∑–∏–∏

–°—Ç—Ä–æ–µ–Ω–∏–µ –∫–æ—Å–º–µ—Ç–∏—á–µ—Å–∫–æ–≥–æ —Å—Ä–µ–¥—Å—Ç–≤–∞

–ü–ê–í (–ø–æ–≤–µ—Ä—Ö–Ω–æ—Å—Ç–Ω–æ-–∞–∫—Ç–∏–≤–Ω—ã–µ –≤–µ—â–µ—Å—Ç–≤–∞): —á—Ç–æ —ç—Ç–æ, –∫–∞–∫ —Ä–∞–±–æ—Ç–∞—é—Ç, —Ä–∞–∑–±–æ—Ä —Å–æ—Å—Ç–∞–≤–æ–≤

–®–∞–º–ø—É–Ω–∏ –∫–∞–∫ –ø—Ä–∏–º–µ—Ä —Ö–∏–º–∏–∏ –ü–ê–í

–≠–º—É–ª—å–≥–∞—Ç–æ—Ä—ã –∏ —Å–æ—ç–º—É–ª—å–≥–∞—Ç–æ—Ä—ã

–ì–µ–ª–µ–æ–±—Ä–∞–∑–æ–≤–∞—Ç–µ–ª–∏: –∑–∞—á–µ–º –æ–Ω–∏ –Ω—É–∂–Ω—ã

–≠–º–æ–ª–µ–Ω—Ç—ã: ¬´—Ç–∞–π–Ω—ã–π –∫–∞—Ä–¥–∏–Ω–∞–ª¬ª –ª—é–±–æ–π –º–∞—Å–∫–∏

–ú–∞—Å–ª–∞: –≤—ã–±–æ—Ä –ø–æ —Å—Ç–µ–ø–µ–Ω–∏ –ø–æ–≤—Ä–µ–∂–¥–µ–Ω–∏—è

–ñ–∏—Ä–Ω—ã–µ —Å–ø–∏—Ä—Ç—ã –∏ –∂–∏—Ä–Ω—ã–µ –∫–∏—Å–ª–æ—Ç—ã: –≤ —á—ë–º –æ—Ç–ª–∏—á–∏–µ

–°–ø–∏—Ä—Ç—ã: –ø–æ–ª–µ–∑–Ω—ã–µ –∏ –∞–≥—Ä–µ—Å—Å–∏–≤–Ω—ã–µ

–≠–Ω—Ö–∞–Ω—Å–µ—Ä—ã: —É—Å–∏–ª–∏–≤–∞—é—Ç –∏–ª–∏ –≤—Ä–µ–¥—è—Ç?

–ü–æ–ª–∏–º–µ—Ä—ã: –∫–∞–∫ –æ–ø—Ä–µ–¥–µ–ª–∏—Ç—å –∏ –∑–∞—á–µ–º –Ω—É–∂–Ω—ã

–ë–µ–ª–∫–∏, –ø–µ–ø—Ç–∏–¥—ã, –∞–º–∏–Ω–æ–∫–∏—Å–ª–æ—Ç—ã –≤ —Å–æ—Å—Ç–∞–≤–µ

3 –∫–∏—Ç–∞ –∫–∞—á–µ—Å—Ç–≤–µ–Ω–Ω–æ–≥–æ —É–≤–ª–∞–∂–Ω–µ–Ω–∏—è

–ö–æ–Ω—Å–µ—Ä–≤–∞–Ω—Ç—ã –∏ –∫–æ–º–ø–ª–µ–∫—Å–æ–æ–±—Ä–∞–∑–æ–≤–∞—Ç–µ–ª–∏: –∫—Ç–æ –∑–∞ —á—Ç–æ –æ—Ç–≤–µ—á–∞–µ—Ç

–ê–∫—Ç–∏–≤—ã: –∫–∞–∫ –ø–æ–Ω—è—Ç—å, —á—Ç–æ —ç—Ç–æ –æ–Ω–∏

–°–∏–ª–∏–∫–æ–Ω—ã: –¥—Ä—É–≥ –∏–ª–∏ –≤—Ä–∞–≥? –¢–∏–ø—ã —Å–∏–ª–∏–∫–æ–Ω–æ–≤ –∏ –∏—Ö –ø–æ–≤–µ–¥–µ–Ω–∏–µ

üßæ –ß—Ç–æ –≤—ã –ø–æ–ª—É—á–∏—Ç–µ:
–°–µ—Ä—Ç–∏—Ñ–∏–∫–∞—Ç —É—á–∞—Å—Ç–Ω–∏–∫–∞

–ú–µ—Ç–æ–¥–∏—á–µ—Å–∫–∏–µ –º–∞—Ç–µ—Ä–∏–∞–ª—ã

–î–æ—Å—Ç—É–ø –∫ –∑–∞–∫—Ä—ã—Ç–æ–º—É —á–∞—Ç—É —É—á–∞—Å—Ç–Ω–∏–∫–æ–≤

–í–æ–∑–º–æ–∂–Ω–æ—Å—Ç—å –∑–∞–¥–∞—Ç—å –ü–∞–≤–ª—É –õ–∞—Ä—Å–∫–æ–º—É —Å–≤–æ–∏ –≤–æ–ø—Ä–æ—Å—ã                                          
–°—Ç–æ–∏–º–æ—Å—Ç—å –∫—É—Ä—Å–∞ 43 000 —Ä—É–±–ª–µ–π –ø—Ä–∏ –≤–Ω–µ—Å–µ–Ω–∏–∏ –ø—Ä–µ–¥–æ–ø–ª–∞—Ç—ã –¥–æ 1 –Ω–æ—è–±—Ä—è (–ø–æ—Å–ª–µ 1 –Ω–æ—è–±—Ä—è —Å—Ç–æ–∏–º–æ—Å—Ç—å 45 000 —Ä—É–±–ª–µ–π)
"
"–û–ª—å–≥–∞ –ö–æ–ª–µ—Å–Ω–∏–∫–æ–≤–∞"," –¢—é–º–µ–Ω—å | 12-14 –Ω–æ—è–±—Ä—è; –°–∞–Ω–∫—Ç-–ü–µ—Ç–µ—Ä–±—É—Ä–≥ | 1-3 –¥–µ–∫–∞–±—Ä—è","–û–õ–¨–ì–ê –ö–û–õ–ï–°–ù–ò–ö–û–í–ê @olgakolesnikova1

–Ø - –ë–õ–û–ù–î–ò–ù–¨–ï–†–û. –û—Ñ—Ñ–ª–∞–π–Ω –∫—É—Ä—Å.

—Ä–∞–∑–±–µ—Ä–∏—Ç–µ –≤—Å–µ –Ω—é–∞–Ω—Å—ã –±–ª–æ–Ω–¥–∏—Ä–æ–≤–∞–Ω–∏—è –æ—Ç –ê –¥–æ –Ø
—É–≤–µ—Ä–µ–Ω–Ω–æ —Å–æ–∑–¥–∞–≤–∞–π—Ç–µ –≥–æ–ª–ª–∏–≤—É–¥—Å–∫–∏–µ –±–ª–æ–Ω–¥—ã –Ω–∞ –ª—é–±—ã—Ö –∫—Ä–∞—Å–∏—Ç–µ–ª—è—Ö
–ø–æ–≤—ã—Å—å—Ç–µ —Å–≤–æ–π –¥–æ—Ö–æ–¥ –≤ 2-3 —Ä–∞–∑–∞

–ü–µ—Ä–≤—ã–π –≤ –†–æ—Å—Å–∏–∏ —Ñ—É–Ω–¥–∞–º–µ–Ω—Ç–∞–ª—å–Ω—ã–π –∫—É—Ä—Å, –ø–æ–ª–Ω–æ—Å—Ç—å—é –ø–æ—Å–≤—è—â–µ–Ω–Ω—ã–π —Å–æ–∑–¥–∞–Ω–∏—é –±–ª–æ–Ω–¥–æ–≤ –æ—Ç –ê –¥–æ –Ø.

–ë–ª–æ–Ω–¥–∏—Ä–æ–≤–∞–Ω–∏–µ –∏ —Ç–æ–Ω–∏—Ä–æ–≤–∞–Ω–∏–µ:
‚ñ´Ô∏è12% –æ–∫–∏—Å–ª–∏—Ç–µ–ª—å + –ø–æ—Ä–æ—à–æ–∫ ‚Äì –º–∏—Ñ—ã, —Ä–µ–∞–ª—å–Ω–æ—Å—Ç—å, —Å–ø–µ—Ü–∏—Ñ–∏–∫–∞ –º–µ—Ç–æ–¥–∞.
‚ñ´Ô∏è–í—ã–±–æ—Ä –æ—Å–≤–µ—Ç–ª—è—é—â–µ–≥–æ –ø—Ä–æ–¥—É–∫—Ç–∞ ‚Äì –ø—É–¥—Ä—ã –∏ –ø–∞—Å—Ç—ã —Å —Ä–∞–∑–Ω–æ–π —Å—Ç–µ–ø–µ–Ω—å—é –æ—Å–≤–µ—Ç–ª–µ–Ω–∏—è, –≤—ã–±–æ—Ä –æ–∫–∏—Å–ª–∏—Ç–µ–ª—è
‚ñ´Ô∏è–î–∏–∞–≥–Ω–æ—Å—Ç–∏–∫–∞ –ø–µ—Ä–µ–¥ –±–ª–æ–Ω–¥–∏—Ä–æ–≤–∞–Ω–∏–µ–º.
‚ñ´Ô∏è–ö–∞–∫–æ–º—É –∫–ª–∏–µ–Ω—Ç—É –Ω—É–∂–Ω–æ –∏ –º–æ–∂–Ω–æ –æ—Ç–∫–∞–∑–∞—Ç—å.
‚ñ´Ô∏è–°–æ–∑–¥–∞–Ω–∏–µ –æ–¥–Ω–æ—Ä–æ–¥–Ω–æ–≥–æ —Ñ–æ–Ω–∞ –æ—Å–≤–µ—Ç–ª–µ–Ω–∏—è –Ω–∞ –Ω–∞—Ç—É—Ä–∞–ª—å–Ω—ã—Ö –≤–æ–ª–æ—Å–∞—Ö.
‚ñ´Ô∏è–î–≤–æ–π–Ω–æ–µ –±–ª–æ–Ω–¥–∏—Ä–æ–≤–∞–Ω–∏–µ ‚Äì 4 —Å–ø–æ—Å–æ–±–∞ –Ω–∞–Ω–µ—Å–µ–Ω–∏—è.
‚ñ´Ô∏è–®–∫–∞–ª–∞ —Ñ–æ–Ω–æ–≤ –æ—Å–≤–µ—Ç–ª–µ–Ω–∏—è
‚ñ´Ô∏è–†–∞–±–æ—Ç–∞ —Å —Ü–≤–µ—Ç–æ–≤—ã–º –∫—Ä—É–≥–æ–º, –º–∞—Ç–µ–º–∞—Ç–∏—á–µ—Å–∫–∏–π —Ä–∞—Å—á–µ—Ç —Ü–≤–µ—Ç–∞ –ò –ú–ù–û–ì–û–ï –ú–ù–û–ì–û–ï –î–†–£–ì–û–ï!

–°—Ç–æ–∏–º–æ—Å—Ç—å –∫—É—Ä—Å–∞ —Å –æ—Ç—Ä–∞–±–æ—Ç–∫–æ–π 30 000 —Ä—É–±–ª–µ–π
–°—Ç–æ–∏–º–æ—Å—Ç—å –∫—É—Ä—Å–∞ –±–µ–∑ –æ—Ç—Ä–∞–±–æ—Ç–∫–∏ 5 000 —Ä—É–±–ª–µ–π"
"Papa Blond","–ú–æ—Å–∫–≤–∞ | 29-30 –Ω–æ—è–±—Ä—è;","–î–º–∏—Ç—Ä–∏–π –ö–æ—Å—Ç–µ—Ü–∫–∏–π ‚Äî Papa‚ÄØBlond
–ì–ª–∞–≤–Ω—ã–π YouTube-–ø—Ä–µ–ø–æ–¥–∞–≤–∞—Ç–µ–ª—å –†–æ—Å—Å–∏–∏ –ø–æ –±–ª–æ–Ω–¥—É @papablond

üèÖ –†–µ–≥–∞–ª–∏–∏ –∏ –¥–æ—Å—Ç–∏–∂–µ–Ω–∏—è:
20 –ª–µ—Ç –≤ –ø—Ä–æ—Ñ–µ—Å—Å–∏–∏: —ç–∫—Å–ø–µ—Ä—Ç –ø–æ –±–ª–æ–Ω–¥—É –∏ –∫–æ—Ä—Ä–µ–∫—Ü–∏–∏ –æ–∫—Ä–∞—à–∏–≤–∞–Ω–∏—è

225‚ÄØ000+ –ø–æ–¥–ø–∏—Å—á–∏–∫–æ–≤ –Ω–∞ YouTube, —Å–µ—Ä–µ–±—Ä—è–Ω–∞—è –∫–Ω–æ–ø–∫–∞

–§–∏–Ω–∞–ª–∏—Å—Ç –ø—Ä–µ–º–∏–∏ Beauty Day Awards Pro Hair

–°–ø–∏–∫–µ—Ä InterCHARM / HairCHARM 2024

–ê–≤—Ç–æ—Ä —Å–æ–±—Å—Ç–≤–µ–Ω–Ω–æ–π –∫–æ–ª–ª–µ–∫—Ü–∏–∏ –æ–±—Ä–∞–∑–æ–≤ Papa Blond Education

–†–µ–≥—É–ª—è—Ä–Ω—ã–π –≥–æ—Å—Ç—å –æ–±—É—á–∞—é—â–∏—Ö –ø—Ä–æ–≥—Ä–∞–º–º –∏ —à–æ—É –≤ –∏–Ω–¥—É—Å—Ç—Ä–∏–∏ –∫—Ä–∞—Å–æ—Ç—ã

üí• –ü–æ—á–µ–º—É –≤—ã–±–∏—Ä–∞—é—Ç –∏–º–µ–Ω–Ω–æ –µ–≥–æ:
–ò—Å–ø—Ä–∞–≤–ª—è–µ—Ç –¥–∞–∂–µ —Å–∞–º—ã–µ —Å–ª–æ–∂–Ω—ã–µ –æ—à–∏–±–∫–∏ –æ–∫—Ä–∞—à–∏–≤–∞–Ω–∏—è

–î–µ–ª–∏—Ç—Å—è —Ç–æ–ª—å–∫–æ —Ä–∞–±–æ—á–∏–º–∏ —Ç–µ—Ö–Ω–∏–∫–∞–º–∏ –∏ —Ñ–æ—Ä–º—É–ª–∞–º–∏

–ì–æ–≤–æ—Ä–∏—Ç –ø—Ä–æ—Å—Ç–æ, –æ–±—ä—è—Å–Ω—è–µ—Ç –¥–æ—Ö–æ–¥—á–∏–≤–æ, –≤–¥–æ—Ö–Ω–æ–≤–ª—è–µ—Ç –≥–∞—Ä–∞–Ω—Ç–∏—Ä–æ–≤–∞–Ω–Ω–æ

–£—á–∏—Ç –∏ –æ—Ñ–ª–∞–π–Ω, –∏ –æ–Ω–ª–∞–π–Ω ‚Äî –ø–æ –≤—Å–µ–π –†–æ—Å—Å–∏–∏

üîç –î–µ–Ω—å 1 ‚Äî –î–µ–º–æ-–¥–µ–Ω—å
1. –û—Å–≤–µ—Ç–ª—è—é—â–∏–µ —Å—Ä–µ–¥—Å—Ç–≤–∞
‚Äì –ü–æ—Ä–æ—à–∫–∏, –∫—Ä–µ–º—ã, –ø—Ä–æ–ø–æ—Ä—Ü–∏–∏, –∏–Ω—Å—Ç—Ä—É–º–µ–Ω—Ç—ã

2. –¢–µ–æ—Ä–∏—è —Ü–≤–µ—Ç–∞
‚Äì RGB vs CMYK –∏ –∏—Ö –ø—Ä–∏–º–µ–Ω–µ–Ω–∏–µ –≤ –±–ª–æ–Ω–¥–µ

3. –ü—Ä–æ–¥—É–∫—Ç—ã –¥–ª—è —Ç–æ–Ω–∏—Ä–æ–≤–∞–Ω–∏—è –∏ –∫–æ—Ä—Ä–µ–∫—Ü–∏–∏
‚Äì –ö–∞–∫ –ø–æ–¥–±–∏—Ä–∞—Ç—å, —á—Ç–æ —É—á–∏—Ç—ã–≤–∞—Ç—å, —Ä–∞–∑–±–æ—Ä —Å–æ—Å—Ç–∞–≤–æ–≤

4. –ú–æ–¥–µ–ª—å–Ω—ã–µ –ø–æ–∫–∞–∑—ã –∏ –¥–µ–º–æ–Ω—Å—Ç—Ä–∞—Ü–∏—è
‚Äì –ö–æ–Ω—Ç—É—Ä–∏–Ω–≥
‚Äì –†–∞–±–æ—Ç–∞ –≤ —Å–ª–æ—è—Ö
‚Äì Total Blond
‚Äì –ë–ª–æ–Ω–¥ –±–µ–∑ –ø–æ—Ä–æ—à–∫–∞ –Ω–∞ —Å–µ–¥—ã—Ö –≤–æ–ª–æ—Å–∞—Ö

‚úã –ü—Ä–∞–∫—Ç–∏–∫–∞ –Ω–∞ –º–æ–¥–µ–ª–∏:
–ü–æ—Å—Ç–∞–Ω–æ–≤–∫–∞ —Ä—É–∫–∏ –≤ –∞–≤—Ç–æ—Ä—Å–∫–æ–π —Ç–µ—Ö–Ω–∏–∫–µ

–¢–æ—á–µ—á–Ω–æ–µ –Ω–∞–Ω–µ—Å–µ–Ω–∏–µ –ø–æ–¥ –∫–æ–Ω—Ç—Ä–æ–ª–µ–º –î–º–∏—Ç—Ä–∏—è

üí≥ –°—Ç–æ–∏–º–æ—Å—Ç—å —É—á–∞—Å—Ç–∏—è:
–§–æ—Ä–º–∞—Ç	–¶–µ–Ω–∞
üíº –î–µ–º–æ-–¥–µ–Ω—å + –æ—Ç—Ä–∞–±–æ—Ç–∫–∞ –Ω–∞ –º–æ–¥–µ–ª–∏	25‚ÄØ000 ‚ÇΩ
üëÄ –¢–æ–ª—å–∫–æ –ø—Ä–æ—Å–º–æ—Ç—Ä –¥–µ–º–æ–Ω—Å—Ç—Ä–∞—Ü–∏–∏	10‚ÄØ000 ‚ÇΩ

–î–æ—Å—Ç—É–ø–Ω–∞ —Ä–∞—Å—Å—Ä–æ—á–∫–∞ –∏ –æ–ø–ª–∞—Ç–∞ —á–∞—Å—Ç—è–º–∏

üî• –í –∏—Ç–æ–≥–µ —Ç—ã –ø–æ–ª—É—á–∞–µ—à—å:
–†–∞–±–æ—á–∏–µ —Ç–µ—Ö–Ω–∏–∫–∏ –∏ —Ñ–æ—Ä–º—É–ª—ã

–ü–æ–Ω–∏–º–∞–Ω–∏–µ –≤—Å–µ—Ö —ç—Ç–∞–ø–æ–≤ —Å–æ–∑–¥–∞–Ω–∏—è –∏–¥–µ–∞–ª—å–Ω–æ–≥–æ –±–ª–æ–Ω–¥–∞

–ü—Ä–∞–∫—Ç–∏–∫—É –ø–æ–¥ –∫–æ–Ω—Ç—Ä–æ–ª–µ–º —ç–∫—Å–ø–µ—Ä—Ç–∞

–°–µ—Ä—Ç–∏—Ñ–∏–∫–∞—Ç –æ –ø—Ä–æ—Ö–æ–∂–¥–µ–Ω–∏–∏ –∫—É—Ä—Å–∞"
"–¢–∏–≥—Ä–∞–Ω –ê—Ä—É—Ç—é–Ω—è–Ω","–°–∞–Ω–∫—Ç-–ü–µ—Ç–µ—Ä–±—É—Ä–≥ | 21-22 –æ–∫—Ç—è–±—Ä—è; –ö–∞–∑–∞–Ω—å| 3-4 –Ω–æ—è–±—Ä—è; –ï–∫–∞—Ç–µ—Ä–∏–Ω–±—É—Ä–≥ | 6-7 –Ω–æ—è–±—Ä—è; –¢—é–º–µ–Ω—å | 10-11 –Ω–æ—è–±—Ä—è","–ö—É—Ä—Å ¬´–§–ï–ù & –ë–†–ê–®–ò–ù–ì¬ª
–ê–≤—Ç–æ—Ä: –¢–∏–≥—Ä–∞–Ω –ê—Ä—É—Ç—é–Ω—è–Ω
–§–æ—Ä–º–∞—Ç: 2 –¥–Ω—è | –° –æ—Ç—Ä–∞–±–æ—Ç–∫–æ–π –∏–ª–∏ –±–µ–∑ | –†–∞–±–æ—Ç–∞ –Ω–∞ –º–æ–¥–µ–ª—è—Ö

–û –∫—É—Ä—Å–µ
–§—É–Ω–¥–∞–º–µ–Ω—Ç–∞–ª—å–Ω—ã–π –∫—É—Ä—Å ¬´–§–µ–Ω & –ë—Ä–∞—à–∏–Ω–≥¬ª ‚Äî —ç—Ç–æ –¥–≤—É—Ö–¥–Ω–µ–≤–Ω–∞—è –ø—Ä–æ–≥—Ä–∞–º–º–∞, –Ω–∞–ø—Ä–∞–≤–ª–µ–Ω–Ω–∞—è –Ω–∞ —Ä–∞–∑–≤–∏—Ç–∏–µ –∫–ª—é—á–µ–≤—ã—Ö –Ω–∞–≤—ã–∫–æ–≤ –≤ —Å–æ–∑–¥–∞–Ω–∏–∏ —Å—Ç–æ–π–∫–æ–π, —Å–æ–≤—Ä–µ–º–µ–Ω–Ω–æ–π –∏ –∫–æ–º–º–µ—Ä—á–µ—Å–∫–æ–π —É–∫–ª–∞–¥–∫–∏. –ü–æ–¥—Ö–æ–¥–∏—Ç –¥–ª—è –º–∞—Å—Ç–µ—Ä–æ–≤ —Å –æ–ø—ã—Ç–æ–º, –∫–æ—Ç–æ—Ä—ã–µ —Ö–æ—Ç—è—Ç —Å–∏—Å—Ç–µ–º–∞—Ç–∏–∑–∏—Ä–æ–≤–∞—Ç—å –∑–Ω–∞–Ω–∏—è, –ø–æ–≤—ã—Å–∏—Ç—å —Å–∫–æ—Ä–æ—Å—Ç—å –∏ —É–ª—É—á—à–∏—Ç—å –∫–∞—á–µ—Å—Ç–≤–æ —É–∫–ª–∞–¥–∫–∏.

–í—ã –Ω–∞—É—á–∏—Ç–µ—Å—å –≤—ã–ø–æ–ª–Ω—è—Ç—å —Å—Ç–æ–π–∫–∏–µ —É–∫–ª–∞–¥–∫–∏ —Ñ–µ–Ω–æ–º –∏ –±—Ä–∞—à–∏–Ω–≥–æ–º –∑–∞ 15 –º–∏–Ω—É—Ç, –ø—Ä–∞–≤–∏–ª—å–Ω–æ —Ä–∞–±–æ—Ç–∞—Ç—å —Å –æ–±—ä—ë–º–æ–º –∏ —Ç–µ–∫—Å—Ç—É—Ä–æ–π, –∞ —Ç–∞–∫–∂–µ —É—Å—Ç—Ä–∞–Ω—è—Ç—å —Ä–∞—Å–ø—Ä–æ—Å—Ç—Ä–∞–Ω—ë–Ω–Ω—ã–µ –æ—à–∏–±–∫–∏ –≤ —Ç–µ—Ö–Ω–∏–∫–µ.

–ö–æ–º—É –ø–æ–¥–æ–π–¥—ë—Ç —ç—Ç–æ—Ç –∫—É—Ä—Å
–¢–µ–º, –∫—Ç–æ –Ω–µ –ø–æ–Ω–∏–º–∞–µ—Ç, —á–µ–º –æ—Ç–ª–∏—á–∞—é—Ç—Å—è –±—Ä–∞—à–∏–Ω–≥–∏ –∏ –∫–∞–∫ –∏—Ö –≤—ã–±–∏—Ä–∞—Ç—å

–¢–µ–º, –∫—Ç–æ —Ö–æ—á–µ—Ç —Å—Ñ–æ—Ä–º–∏—Ä–æ–≤–∞—Ç—å –ø—Ä–∞–≤–∏–ª—å–Ω—ã–π –ø—Ä–∏–∫–æ—Ä–Ω–µ–≤–æ–π –æ–±—ä—ë–º –±–µ–∑ –ø–µ—Ä–µ–∏–∑–±—ã—Ç–∫–∞ —Å—Ç–∞–π–ª–∏–Ω–≥–∞

–¢–µ–º, –∫—Ç–æ —Ö–æ—á–µ—Ç –ø–æ–ª–∏—Ä–æ–≤–∞—Ç—å –≤–æ–ª–æ—Å—ã —Ñ–µ–Ω–æ–º –∏ –¥–æ–±–∏–≤–∞—Ç—å—Å—è –∑–µ—Ä–∫–∞–ª—å–Ω–æ–≥–æ –±–ª–µ—Å–∫–∞

–¢–µ–º, —É –∫–æ–≥–æ –Ω–µ –ø–æ–ª—É—á–∞–µ—Ç—Å—è –¥–æ–±–∏—Ç—å—Å—è —Å–∏–º–º–µ—Ç—Ä–∏–∏ –≤ —É–∫–ª–∞–¥–∫–µ

–¢–µ–º, –∫—Ç–æ –∏—Å–ø—ã—Ç—ã–≤–∞–µ—Ç –¥–∏—Å–∫–æ–º—Ñ–æ—Ä—Ç –≤ —Å–ø–∏–Ω–µ –∏ –ø–ª–µ—á–∞—Ö –≤–æ –≤—Ä–µ–º—è —Ä–∞–±–æ—Ç—ã

–¢–µ–º, –∫—Ç–æ —Ö–æ—á–µ—Ç —É—Å–∫–æ—Ä–∏—Ç—å –ø—Ä–æ—Ü–µ—Å—Å —É–∫–ª–∞–¥–∫–∏ –∏ –¥–µ–ª–∞—Ç—å –µ—ë –∫–∞—á–µ—Å—Ç–≤–µ–Ω–Ω–æ

–¢–µ–º, –∫—Ç–æ —Ä–∞–±–æ—Ç–∞–µ—Ç ¬´–ø–æ —à–∞–±–ª–æ–Ω—É¬ª –∏ —Ö–æ—á–µ—Ç –≤–¥–æ—Ö–Ω–æ–≤–µ–Ω–∏—è –∏ –Ω–æ–≤—ã—Ö —Ç–µ—Ö–Ω–∏–∫

–¢–µ–º, –∫—Ç–æ —Ö–æ—á–µ—Ç –ª—É—á—à–µ –ø–æ–Ω–∏–º–∞—Ç—å –ø—Ä–∏–Ω—Ü–∏–ø—ã –≤—ã–±–æ—Ä–∞ —Ñ–µ–Ω–∞ –∏ —Å—Ç–∞–π–ª–∏–Ω–≥–∞

–¢–µ–º, –∫—Ç–æ —Å—Ç–∞–ª–∫–∏–≤–∞–µ—Ç—Å—è —Å –ø—Ä–æ–±–ª–µ–º–∞–º–∏ —Ä–æ—Å—Ç–∞ –≤–æ–ª–æ—Å –∏ –Ω–µ –∑–Ω–∞–µ—Ç, –∫–∞–∫ —Å –Ω–∏–º–∏ —Ä–∞–±–æ—Ç–∞—Ç—å

–ß—Ç–æ –≤—ã –ø–æ–ª—É—á–∏—Ç–µ
–ü—Ä–∞–∫—Ç–∏–∫–∞ –Ω–∞ –∂–∏–≤—ã—Ö –º–æ–¥–µ–ª—è—Ö

–û—Ç—Ä–∞–±–æ—Ç–∫–∞ —Å—Ç–æ–π–∫–∏—Ö —Ç–µ—Ö–Ω–∏–∫ —É–∫–ª–∞–¥–∫–∏, –∞–∫—Ç—É–∞–ª—å–Ω—ã—Ö –≤–Ω–µ —Ç—Ä–µ–Ω–¥–æ–≤

–î–µ—Ç–∞–ª—å–Ω—ã–π —Ä–∞–∑–±–æ—Ä –ø–æ–∑–∏—Ü–∏–π —Ç–µ–ª–∞ –∏ —Ä–∞–±–æ—Ç—ã —Ä—É–∫–∞–º–∏

–ò–Ω–¥–∏–≤–∏–¥—É–∞–ª—å–Ω—ã–π –ø–æ–¥—Ö–æ–¥: –º–∏–Ω–∏-–≥—Ä—É–ø–ø–∞ –¥–ª—è –º–∞–∫—Å–∏–º–∞–ª—å–Ω–æ–≥–æ –≤–Ω–∏–º–∞–Ω–∏—è

–£–≤–µ—Ä–µ–Ω–Ω–æ—Å—Ç—å –≤ —Ä–∞–±–æ—Ç–µ —Å –ª—é–±–æ–π —Ç–µ–∫—Å—Ç—É—Ä–æ–π –∏ –¥–ª–∏–Ω–æ–π

–°—Ç–æ–∏–º–æ—Å—Ç—å —É—á–∞—Å—Ç–∏—è
25 000 ‚ÇΩ ‚Äî —Å –æ—Ç—Ä–∞–±–æ—Ç–∫–æ–π

15 000 ‚ÇΩ ‚Äî –±–µ–∑ –æ—Ç—Ä–∞–±–æ—Ç–∫–∏

–ü—Ä–µ–ø–æ–¥–∞–≤–∞—Ç–µ–ª—å
–¢–∏–≥—Ä–∞–Ω –ê—Ä—É—Ç—é–Ω—è–Ω ‚Äî —Å—Ç–∏–ª–∏—Å—Ç –º–µ–∂–¥—É–Ω–∞—Ä–æ–¥–Ω–æ–≥–æ —É—Ä–æ–≤–Ω—è, —á–µ–º–ø–∏–æ–Ω –†–æ—Å—Å–∏–∏ –ø–æ —Å–≤–∞–¥–µ–±–Ω—ã–º –ø—Ä–∏—á—ë—Å–∫–∞–º, —É—á–∞—Å—Ç–Ω–∏–∫ –¢–í-–ø—Ä–æ–µ–∫—Ç–æ–≤ –∏ –ø—Ä–æ—Ñ–µ—Å—Å–∏–æ–Ω–∞–ª—å–Ω—ã—Ö —Ñ–æ—Ä—É–º–æ–≤, –ø—Ä–µ–ø–æ–¥–∞–≤–∞—Ç–µ–ª—å —Å –æ–ø—ã—Ç–æ–º –±–æ–ª–µ–µ 20 –ª–µ—Ç.

"
"–û–∫—Å–∞–Ω–∞ –ú–∞—Ç–≤–µ–π—á—É–∫"," –ú–æ—Å–∫–≤–∞ | 23-25 –æ–∫—Ç—è–±—Ä—è; –ï–∫–∞—Ç–µ—Ä–∏–Ω–±—É—Ä–≥ | 27‚Äì29 –Ω–æ—è–±—Ä—è","üí´ –ê–≤—Ç–æ—Ä—Å–∫–∏–π –∫—É—Ä—Å ¬´–ö—É—á–µ—Ä—è–≤—ã–π —Ç—Ä–µ–Ω–¥¬ª @Matveychukoksi
–ü–æ–ª–Ω–æ–µ –ø–æ–≥—Ä—É–∂–µ–Ω–∏–µ –≤ –∏—Å–∫—É—Å—Å—Ç–≤–æ —Å–æ–≤—Ä–µ–º–µ–Ω–Ω–æ–π –∑–∞–≤–∏–≤–∫–∏
–æ—Ç –û–∫—Å–∞–Ω—ã –ú–∞—Ç–≤–µ–π—á—É–∫ ‚Äî –¥–∏–ø–ª–æ–º–∏—Ä–æ–≤–∞–Ω–Ω–æ–≥–æ —Å–ø–µ—Ü–∏–∞–ª–∏—Å—Ç–∞, –ø—Ä–µ–ø–æ–¥–∞–≤–∞—Ç–µ–ª—è, –æ—Å–Ω–æ–≤–∞—Ç–µ–ª—è —Å—Ç—É–¥–∏–∏ –∑–∞–≤–∏–≤–∫–∏ –∏ –∫–æ–ª–æ—Ä–∏—Å—Ç–∏–∫–∏ –≤ –ï–∫–∞—Ç–µ—Ä–∏–Ω–±—É—Ä–≥–µ.

–≠—Ç–æ—Ç –∫—É—Ä—Å ‚Äî –Ω–µ –ø—Ä–æ—Å—Ç–æ –æ–±—É—á–µ–Ω–∏–µ, —ç—Ç–æ –ø–µ—Ä–µ–∑–∞–≥—Ä—É–∑–∫–∞ –ø–æ–¥—Ö–æ–¥–∞ –∫ –∑–∞–≤–∏–≤–∫–µ.
–Ø —Å–æ–±—Ä–∞–ª–∞ –∞–≤—Ç–æ—Ä—Å–∫—É—é —Å–∏—Å—Ç–µ–º—É, –æ—Å–Ω–æ–≤–∞–Ω–Ω—É—é –Ω–∞ –ª–∏—á–Ω–æ–π –ø—Ä–∞–∫—Ç–∏–∫–µ, –º–µ—Ç–æ–¥–∞—Ö –ø—Ä–æ–± –∏ –æ—à–∏–±–æ–∫, —á—Ç–æ–±—ã –≤—ã –Ω–µ —Ç—Ä–∞—Ç–∏–ª–∏ –≥–æ–¥—ã –Ω–∞ —ç–∫—Å–ø–µ—Ä–∏–º–µ–Ω—Ç—ã, –∞ —Å—Ä–∞–∑—É –Ω–∞—á–∞–ª–∏ —Ä–∞–±–æ—Ç–∞—Ç—å –Ω–∞ —Ä–µ–∑—É–ª—å—Ç–∞—Ç.

üî• –ß—Ç–æ –≤–∞—Å –∂–¥–µ—Ç –Ω–∞ –∫—É—Ä—Å–µ?
üìç –î–µ–Ω—å 1 ‚Äî –¢–µ–æ—Ä–∏—è –∏ –≥–ª—É–±–æ–∫–æ–µ –ø–æ–Ω–∏–º–∞–Ω–∏–µ –≤–æ–ª–æ—Å
‚è∞ 10:00‚Äì18:00
üî¨ –≠—Ç–æ—Ç –¥–µ–Ω—å ‚Äî —Ñ—É–Ω–¥–∞–º–µ–Ω—Ç. –ë–µ–∑ –≤–æ–¥—ã, —Ç–æ–ª—å–∫–æ —Ç–æ, —á—Ç–æ –¥–µ–ª–∞–µ—Ç –≤–∞—Å —É–≤–µ—Ä–µ–Ω–Ω—ã–º –º–∞—Å—Ç–µ—Ä–æ–º:

–í–æ–ª–æ—Å—ã –Ω–∞ –º–æ–ª–µ–∫—É–ª—è—Ä–Ω–æ–º —É—Ä–æ–≤–Ω–µ: —á—Ç–æ –≤–Ω—É—Ç—Ä–∏ –∏ –∫–∞–∫ —ç—Ç–æ –≤–ª–∏—è–µ—Ç –Ω–∞ —Ä–µ–∑—É–ª—å—Ç–∞—Ç

–°—Ç–µ–ø–µ–Ω–∏ –ø–æ–≤—Ä–µ–∂–¥–µ–Ω–∏—è –∏ –º–µ—Ç–æ–¥—ã –≤–æ—Å—Å—Ç–∞–Ω–æ–≤–ª–µ–Ω–∏—è

–ê–Ω–∞–ª–∏–∑ —Å—Ç—Ä—É–∫—Ç—É—Ä—ã –≤–æ–ª–æ—Å –∏ –ø—Ä–æ–≥–Ω–æ–∑ —Ä–µ–∑—É–ª—å—Ç–∞—Ç–∞ –ø–µ—Ä–µ–¥ –∑–∞–≤–∏–≤–∫–æ–π

–ü–æ–¥–±–æ—Ä —É—Ö–æ–¥–æ–≤ –¥–æ –∏ –ø–æ—Å–ª–µ –ø—Ä–æ—Ü–µ–¥—É—Ä—ã ‚Äî —á—Ç–æ–±—ã –∫–ª–∏–µ–Ω—Ç –≤–æ–∑–≤—Ä–∞—â–∞–ª—Å—è

–†–∞–∑–±–æ—Ä –º–∞—Ä–∫–µ—Ç–∏–Ω–≥–æ–≤—ã—Ö –≤–∏–¥–æ–≤ –∑–∞–≤–∏–≤–æ–∫ ‚Äî –∫–∞–∫ —É–ø–∞–∫–æ–≤–∞—Ç—å –∏ –ø—Ä–æ–¥–∞—Ç—å —É—Å–ª—É–≥—É

–°–æ—Å—Ç–∞–≤—ã: —á—Ç–æ —Ä–∞–±–æ—Ç–∞–µ—Ç, –∞ —á—Ç–æ –ø—Ä–æ—Å—Ç–æ —Ä–µ–∫–ª–∞–º–∞

–î–∏–∞–≥–Ω–æ—Å—Ç–∏–∫–∞ –≤–æ–ª–æ—Å, —Ç–µ—Å—Ç-–ø—Ä—è–¥—å, –∫–æ–Ω—Å—É–ª—å—Ç–∞—Ü–∏—è –∫–ª–∏–µ–Ω—Ç–∞

–ü–æ–¥–±–æ—Ä –±–∏–≥—É–¥–∏ –∏ —Å—Ö–µ–º—ã –Ω–∞–∫—Ä—É—Ç–∫–∏: –æ—Ç —Ñ–æ—Ä–º—ã –¥–æ —Ä–µ–∑—É–ª—å—Ç–∞—Ç–∞

–ü—Ä–µ–¥–ø–æ–¥–≥–æ—Ç–æ–≤–∫–∞ –≤–æ–ª–æ—Å ‚Äî –∑–∞–ª–æ–≥ —á–∏—Å—Ç–æ–π, —É–ø—Ä—É–≥–æ–π —Ç–µ–∫—Å—Ç—É—Ä—ã

–†–∞–±–æ—Ç–∞ —Å —Ç–æ–Ω–∫–∏–º–∏ –≤–æ–ª–æ—Å–∞–º–∏ –∏ –æ—Ç—Ä–æ—Å—à–∏–º –∑–∞–≤–∏—Ç–∫–æ–º

–§–æ—Ä–º–∏—Ä–æ–≤–∞–Ω–∏–µ —Å—Ç–æ–∏–º–æ—Å—Ç–∏ —É—Å–ª—É–≥–∏: –∫–∞–∫ –Ω–µ –∑–∞–Ω–∏–∂–∞—Ç—å —Ü–µ–Ω—É –∏ –¥–µ–ª–∞—Ç—å –∑–∞–≤–∏–≤–∫—É –ø—Ä–∏–±—ã–ª—å–Ω–æ–π

‚úÖ –ü–æ—Å–ª–µ —ç—Ç–æ–≥–æ –¥–Ω—è –≤—ã –±—É–¥–µ—Ç–µ –ø–æ–¥–±–∏—Ä–∞—Ç—å —Å–æ—Å—Ç–∞–≤ –∏ —Ç–µ—Ö–Ω–∏–∫—É –Ω–µ –ø–æ –∏–Ω—Å—Ç—Ä—É–∫—Ü–∏–∏, –∞ –ø–æ —Ä–µ–∞–ª—å–Ω–æ–º—É –∞–Ω–∞–ª–∏–∑—É –≤–æ–ª–æ—Å –∫–ª–∏–µ–Ω—Ç–∞.

üìé –° —Å–æ–±–æ–π: –±–ª–æ–∫–Ω–æ—Ç –∏ —Ä—É—á–∫–∞.

üìç –î–µ–Ω—å 2 ‚Äî –ü—Ä–∞–∫—Ç–∏–∫–∞ –Ω–∞ –º–∞–Ω–µ–∫–µ–Ω-–≥–æ–ª–æ–≤–∞—Ö
‚è∞ 10:00‚Äì18:00
–¢–µ–ø–µ—Ä—å –≤—Å—ë, —á—Ç–æ –≤—ã —É–∑–Ω–∞–ª–∏ ‚Äî –ø–µ—Ä–µ—Ö–æ–¥–∏—Ç –≤ –ø—Ä–∞–∫—Ç–∏–∫—É.

–û—Ç—Ä–∞–±–æ—Ç–∫–∞ —Ç–µ—Ö–Ω–∏–∫–∏ –Ω–∞–∫—Ä—É—Ç–∫–∏

–†–∞–±–æ—Ç–∞ —Å —Ä–∞–∑–Ω—ã–º–∏ –¥–∏–∞–º–µ—Ç—Ä–∞–º–∏ –±–∏–≥—É–¥–∏

–ö–æ–Ω—Ç—Ä–æ–ª—å –æ–±—ä–µ–º–∞: –∫–∞–∫ –ø—Ä–∞–≤–∏–ª—å–Ω–æ —Ä–∞—Å–ø—Ä–µ–¥–µ–ª—è—Ç—å –≤–æ–ª–æ—Å—ã

–ü–æ—Å—Ç–∞–Ω–æ–≤–∫–∞ —Ä—É–∫–∏: –ª–µ–≤–∞—è –∏ –ø—Ä–∞–≤–∞—è —Å—Ç–æ—Ä–æ–Ω–∞

–¢–æ—á–µ—á–Ω–∞—è –∫–æ—Ä—Ä–µ–∫—Ü–∏—è —Ñ–æ—Ä–º—ã: –∑–∞–≤–∏–≤–∫–∞ –∫–∞–∫ —Å–ø–æ—Å–æ–± –º–æ–¥–µ–ª–∏—Ä–æ–≤–∞–Ω–∏—è –æ–±—Ä–∞–∑–∞

‚ú® –≠—Ç–æ—Ç –¥–µ–Ω—å ‚Äî –Ω–∞—Å—Ç–æ—è—â–∞—è –ø–æ—Å—Ç–∞–Ω–æ–≤–∫–∞ —Ç–µ—Ö–Ω–∏–∫–∏. –û—Ç—Ä–∞–±–∞—Ç—ã–≤–∞–µ–º –≤—Å—ë –¥–æ –∞–≤—Ç–æ–º–∞—Ç–∏–∑–º–∞.

üìé –° —Å–æ–±–æ–π: –ø—É–ª—å–≤–µ—Ä–∏–∑–∞—Ç–æ—Ä, —Ä–∞—Å—á–µ—Å–∫–∞-—Ö–≤–æ—Å—Ç–∏–∫, –∑–∞–∂–∏–º—ã

üìç –î–µ–Ω—å 3 ‚Äî –û—Ç—Ä–∞–±–æ—Ç–∫–∞ –Ω–∞ –º–æ–¥–µ–ª—è—Ö
‚è∞ 10:00 ‚Äì –¥–æ –æ–∫–æ–Ω—á–∞–Ω–∏—è –ø—Ä–∞–∫—Ç–∏–∫–∏ (–≤–æ–∑–º–æ–∂–Ω–æ –¥–æ 22:00‚Äì23:00)
–ñ–∏–≤—ã–µ –∫–ª–∏–µ–Ω—Ç—ã, –Ω–∞—Å—Ç–æ—è—â–∞—è —Ä–∞–±–æ—Ç–∞, –ø–æ–¥–¥–µ—Ä–∂–∫–∞ –ø—Ä–µ–ø–æ–¥–∞–≤–∞—Ç–µ–ª—è.

–ó–∞–≤–∏–≤–∫–∞ –Ω–∞ –≤—Å–µ—Ö –¥–ª–∏–Ω–∞—Ö ‚Äî –æ—Ç –∫–æ—Ä–æ—Ç–∫–æ–π –¥–æ —Å–ª–æ–∂–Ω–æ–π –¥–ª–∏–Ω—ã

–ö–∞–∫ –ø–æ–ª—É—á–∏—Ç—å —É–ø—Ä—É–≥—É—é –∏ –≤—ã—Ä–∞–∑–∏—Ç–µ–ª—å–Ω—É—é —Ç–µ–∫—Å—Ç—É—Ä—É –¥–∞–∂–µ –Ω–∞ –¥–ª–∏–Ω–Ω—ã—Ö –≤–æ–ª–æ—Å–∞—Ö

–ö—Ä—É–ø–Ω—ã–µ –∑–∞–≤–∏—Ç–∫–∏, —Å–ø–∏—Ä–∞–ª–∏, —Å–æ–≤—Ä–µ–º–µ–Ω–Ω—ã–µ —Ñ–æ—Ä–º—ã

–°–ª–æ–∂–Ω—ã–µ —Å—Ö–µ–º—ã –Ω–∞–∫—Ä—É—Ç–∫–∏ —Å –ø—Ä–µ–¥—Å–∫–∞–∑—É–µ–º—ã–º —Ä–µ–∑—É–ª—å—Ç–∞—Ç–æ–º

üëÜ –≠—Ç–æ—Ç –¥–µ–Ω—å –ø—Ä–µ–≤—Ä–∞—â–∞–µ—Ç –∑–Ω–∞–Ω–∏—è –≤ —É–≤–µ—Ä–µ–Ω–Ω–æ—Å—Ç—å.
–í—ã –Ω–∞—É—á–∏—Ç–µ—Å—å –Ω–µ –ø—Ä–æ—Å—Ç–æ –≤—ã–ø–æ–ª–Ω—è—Ç—å –ø—Ä–æ—Ü–µ–¥—É—Ä—É, –∞ —É–ø—Ä–∞–≤–ª—è—Ç—å –µ—é.

üìé –° —Å–æ–±–æ–π: –ø—É–ª—å–≤–µ—Ä–∏–∑–∞—Ç–æ—Ä, —Ä–∞—Å—á—ë—Å–∫–∞-—Ö–≤–æ—Å—Ç–∏–∫, –Ω–æ–∂–Ω–∏—Ü—ã, —Ä–∞—Å—á—ë—Å–∫–∞ –¥–ª—è —Å—Ç—Ä–∏–∂–∫–∏, –∑–∞–∂–∏–º—ã, —Ñ–µ–Ω, –¥–∏—Ñ—Ñ—É–∑–æ—Ä

üéì –ü–æ –æ–∫–æ–Ω—á–∞–Ω–∏–∏ –∫—É—Ä—Å–∞:
–í—ã –ø–æ–ª—É—á–∞–µ—Ç–µ –∏–º–µ–Ω–Ω–æ–π –∞–≤—Ç–æ—Ä—Å–∫–∏–π —Å–µ—Ä—Ç–∏—Ñ–∏–∫–∞—Ç

–û—Å–≤–∞–∏–≤–∞–µ—Ç–µ —Å–æ–≤—Ä–µ–º–µ–Ω–Ω—ã–µ —Ç–µ—Ö–Ω–∏–∫–∏, –∫–æ—Ç–æ—Ä—ã–µ —Ä–∞–±–æ—Ç–∞—é—Ç –Ω–∞ –∫–ª–∏–µ–Ω—Ç–∞ –∏ –Ω–∞ —Ä–µ–∑—É–ª—å—Ç–∞—Ç

–ù–∞ –∫—É—Ä—Å–µ –ø—Ä–µ–¥—É—Å–º–æ—Ç—Ä–µ–Ω—ã –∫–æ—Ñ–µ-–±—Ä–µ–π–∫–∏, –ø–∏—Ü—Ü–∞ –∏ –ø—Ä–∞–∑–¥–Ω–∏—á–Ω—ã–π —Ñ—É—Ä—à–µ—Ç

üí∞ –°—Ç–æ–∏–º–æ—Å—Ç—å –∫—É—Ä—Å–∞:
50 000 ‚ÇΩ
–¢–æ–ª—å–∫–æ —Å –æ—Ç—Ä–∞–±–æ—Ç–∫–æ–π. –í–æ–∑–º–æ–∂–Ω–∞ —Ä–∞—Å—Å—Ä–æ—á–∫–∞ –±–µ–∑ –ø–µ—Ä–µ–ø–ª–∞—Ç

üíé –ü–æ—á–µ–º—É –≤–∞–º –Ω—É–∂–µ–Ω —ç—Ç–æ—Ç –∫—É—Ä—Å:
–ü–µ—Ä–µ—Å—Ç–∞–Ω–µ—Ç–µ –±–æ—è—Ç—å—Å—è –∑–∞–≤–∏–≤–∫–∏ ‚Äî –ø–æ–π–º—ë—Ç–µ –µ—ë –æ—Ç –∫–æ—Ä–Ω–µ–π –¥–æ –∫–æ–Ω—á–∏–∫–æ–≤

–ù–∞—É—á–∏—Ç–µ—Å—å –ø–æ–¥–±–∏—Ä–∞—Ç—å —Ç–µ–∫—Å—Ç—É—Ä—É –∏–Ω–¥–∏–≤–∏–¥—É–∞–ª—å–Ω–æ –ø–æ–¥ –∫–∞–∂–¥–æ–≥–æ –∫–ª–∏–µ–Ω—Ç–∞

–ü–æ–¥–Ω–∏–º–µ—Ç–µ —Å—Ä–µ–¥–Ω–∏–π —á–µ–∫ –∑–∞ —Å—á—ë—Ç —É–Ω–∏–∫–∞–ª—å–Ω–æ–π, —Ä–µ–¥–∫–æ–π —É—Å–ª—É–≥–∏

–ü–æ–ª—É—á–∏—Ç–µ –∑–Ω–∞–Ω–∏—è, –∫–æ—Ç–æ—Ä—ã–µ –Ω–µ –¥–∞—é—Ç –Ω–∏ –Ω–∞ –æ–¥–Ω–æ–º –±–∞–∑–æ–≤–æ–º –∫—É—Ä—Å–µ

üéü –ì–æ—Ç–æ–≤—ã –≤—ã–π—Ç–∏ –∑–∞ –ø—Ä–µ–¥–µ–ª—ã —à–∞–±–ª–æ–Ω–Ω–æ–π —Ö–∏–º–∏–∏ –∏ —Å—Ç–∞—Ç—å –º–∞—Å—Ç–µ—Ä–æ–º, –∫ –∫–æ—Ç–æ—Ä–æ–º—É –≤–æ–∑–≤—Ä–∞—â–∞—é—Ç—Å—è?
–≠—Ç–æ—Ç –∫—É—Ä—Å ‚Äî –≤–∞—à —à–∞–≥ –≤ –Ω–æ–≤—É—é —Ä–µ–∞–ª—å–Ω–æ—Å—Ç—å —Ç–µ–∫—Å—Ç—É—Ä–Ω–æ–π —Ä–∞–±–æ—Ç—ã."
"–°–≤–µ—Ç–ª–∞–Ω–∞ –ö—É–ª–µ—à–æ–≤–∞","–°—É—Ä–≥—É—Ç | 17‚Äì21 –º–∞—Ä—Ç–∞; –û—Ä–µ–Ω–±—É—Ä–≥ | 14‚Äì18 –∞–ø—Ä–µ–ª—è 2026; –ï–∫–∞—Ç–µ—Ä–∏–Ω–±—É—Ä–≥ | 23‚Äì27 –∏—é–Ω—è 2026 ; –¢—é–º–µ–Ω—å | 4‚Äì8 –æ–∫—Ç—è–±—Ä—è 2026 ","–°–≤–µ—Ç–ª–∞–Ω–∞ –ö—É–ª–µ—à–æ–≤–∞ —Å –∫—É—Ä—Å–æ–º ¬´–ü—Ä–æ—Å—Ç–æ –æ —Å–ª–æ–∂–Ω–æ–º¬ª

–ê —á—Ç–æ, –µ—Å–ª–∏ –æ–±—É—á–µ–Ω–∏–µ –±–µ–∑ –º–æ–¥–µ–ª–µ–π –º–æ–∂–µ—Ç –¥–∞—Ç—å –≤–∞–º –±–æ–ª—å—à–µ, —á–µ–º –ø—Ä–∞–∫—Ç–∏–∫–∞?

–í 2026 –≥–æ–¥—É –°–≤–µ—Ç–ª–∞–Ω–∞ –ö—É–ª–µ—à–æ–≤–∞ –∑–∞–ø—É—Å–∫–∞–µ—Ç –æ–±–Ω–æ–≤–ª—ë–Ω–Ω—ã–π —Ñ–æ—Ä–º–∞—Ç –ª–µ–≥–µ–Ω–¥–∞—Ä–Ω–æ–≥–æ –∫—É—Ä—Å–∞ ¬´–ü—Ä–æ—Å—Ç–æ –æ —Å–ª–æ–∂–Ω–æ–º¬ª ‚Äî —Ç–µ–ø–µ—Ä—å —ç—Ç–æ 5-–¥–Ω–µ–≤–Ω–∞—è —Ç–µ–æ—Ä–µ—Ç–∏—á–µ—Å–∫–∞—è –∫–æ–Ω—Ñ–µ—Ä–µ–Ω—Ü–∏—è –±–µ–∑ –æ—Ç—Ä–∞–±–æ—Ç–∫–∏ –Ω–∞ –º–æ–¥–µ–ª—è—Ö.

–ß—Ç–æ –∂–¥—ë—Ç —É—á–∞—Å—Ç–Ω–∏–∫–æ–≤
‚ú® –ß—ë—Ç–∫–∏–µ –∞–ª–≥–æ—Ä–∏—Ç–º—ã –∏ —Å—Ö–µ–º—ã, —Å–æ–±—Ä–∞–Ω–Ω—ã–µ –∏–∑ 15-–ª–µ—Ç–Ω–µ–≥–æ –æ–ø—ã—Ç–∞ –°–≤–µ—Ç–ª–∞–Ω—ã.
‚ú® –†–∞–∑–±–æ—Ä —Å–∞–º—ã—Ö —Å–ª–æ–∂–Ω—ã—Ö —Å–ª—É—á–∞–µ–≤ –æ–∫—Ä–∞—à–∏–≤–∞–Ω–∏—è –∏ –æ—Å–≤–µ—Ç–ª–µ–Ω–∏—è.
‚ú® –ü–æ–ª–Ω–æ–µ –ø–æ–Ω–∏–º–∞–Ω–∏–µ –±–µ–∑ –Ω–µ–æ–±—Ö–æ–¥–∏–º–æ—Å—Ç–∏ –æ—Ç—Ä–∞–±–∞—Ç—ã–≤–∞—Ç—å –Ω–∞ –º–æ–¥–µ–ª—è—Ö ‚Äî —Ç–µ–æ—Ä–∏—è –º–∞–∫—Å–∏–º–∞–ª—å–Ω–æ –Ω–∞–≥–ª—è–¥–Ω–∞.
‚ú® –ö–∞–∂–¥—ã–π —É—á–∞—Å—Ç–Ω–∏–∫ –ø–æ–ª—É—á–∞–µ—Ç —ç–∫—Å–∫–ª—é–∑–∏–≤–Ω–æ–µ –∞–≤—Ç–æ—Ä—Å–∫–æ–µ –ø–æ—Å–æ–±–∏–µ (—Ä–∞–±–æ—á—É—é —Ç–µ—Ç—Ä–∞–¥—å) ‚Äî —É–Ω–∏–∫–∞–ª—å–Ω—ã–π –∏–Ω—Å—Ç—Ä—É–º–µ–Ω—Ç, –∫–æ—Ç–æ—Ä—ã–π –æ—Å—Ç–∞–Ω–µ—Ç—Å—è —Å –≤–∞–º–∏ –Ω–∞–≤—Å–µ–≥–¥–∞.
‚ú® –û–≥—Ä–æ–º–Ω–æ–µ –∫–æ–ª–∏—á–µ—Å—Ç–≤–æ –Ω–∞–≥–ª—è–¥–Ω–æ–≥–æ –º–∞—Ç–µ—Ä–∏–∞–ª–∞: —Ñ–æ—Ç–æ —Ä–∞–±–æ—Ç, —Å—Ö–µ–º—ã –∏ –∞–ª–≥–æ—Ä–∏—Ç–º—ã –±—É–¥—É—Ç —Å–æ–±—Ä–∞–Ω—ã –≤ –æ–±—â–µ–º —á–∞—Ç–µ.
‚ú® –ß–∞—Ç –æ—Å—Ç–∞—ë—Ç—Å—è —Å –≤–∞–º–∏ –Ω–∞–≤—Å–µ–≥–¥–∞ ‚Äî –∏ –ø–æ—Å–ª–µ –∫—É—Ä—Å–∞ –°–≤–µ—Ç–ª–∞–Ω–∞ –±—É–¥–µ—Ç –æ—Ç–≤–µ—á–∞—Ç—å —Ç–∞–º –Ω–∞ –≤–∞—à–∏ –≤–æ–ø—Ä–æ—Å—ã. –≠—Ç–æ –º–æ—â–Ω–∞—è –ø–æ–¥–¥–µ—Ä–∂–∫–∞ –∏ –¥–æ–ø–æ–ª–Ω–∏—Ç–µ–ª—å–Ω–æ–µ –ø—Ä–µ–∏–º—É—â–µ—Å—Ç–≤–æ.
‚ú® –í–æ–∑–º–æ–∂–Ω–æ—Å—Ç—å –Ω–µ —Ç–æ–ª—å–∫–æ —É–≤–µ—Ä–µ–Ω–Ω–æ —Ä–∞–±–æ—Ç–∞—Ç—å —Å –∫–ª–∏–µ–Ω—Ç–∞–º–∏, –Ω–æ –∏ –Ω–∞—á–∞—Ç—å –ø—Ä–µ–ø–æ–¥–∞–≤–∞—Ç—å –ø–æ —Ñ–∏–ª–æ—Å–æ—Ñ–∏–∏ –°–≤–µ—Ç–ª–∞–Ω—ã.

‚ö°Ô∏è –í–∞–∂–Ω–æ: 2026 –≥–æ–¥ ‚Äî –ø–æ—Å–ª–µ–¥–Ω–∏–π, –∫–æ–≥–¥–∞ –°–≤–µ—Ç–ª–∞–Ω–∞ –ª–∏—á–Ω–æ –ø—Ä–æ–≤–æ–¥–∏—Ç –≤—ã–µ–∑–¥–Ω—ã–µ —Å–µ–º–∏–Ω–∞—Ä—ã –≤ —Ä–µ–≥–∏–æ–Ω–∞—Ö.
–≠—Ç–æ —É–Ω–∏–∫–∞–ª—å–Ω—ã–π —à–∞–Ω—Å –ø–æ–ø–∞—Å—Ç—å –Ω–∞ –æ–±—É—á–µ–Ω–∏–µ –≤ —Å–≤–æ—ë–º –≥–æ—Ä–æ–¥–µ –∏ –ø–æ–ª—É—á–∏—Ç—å –∑–Ω–∞–Ω–∏—è –Ω–∞–ø—Ä—è–º—É—é –æ—Ç –∞–≤—Ç–æ—Ä–∞ —Å–∏—Å—Ç–µ–º—ã.


üéü –ö–æ–ª–∏—á–µ—Å—Ç–≤–æ –º–µ—Å—Ç –æ–≥—Ä–∞–Ω–∏—á–µ–Ω–æ


–ù–µ —É–ø—É—Å—Ç–∏—Ç–µ –≤–æ–∑–º–æ–∂–Ω–æ—Å—Ç—å —Å—Ç–∞—Ç—å —á–∞—Å—Ç—å—é –µ–¥–∏–Ω—Å—Ç–≤–µ–Ω–Ω–æ–≥–æ –ø–æ–ª–Ω–æ–≥–æ —Ü–∏–∫–ª–∞ –ø–µ—Ä–µ–¥–∞—á–∏ –∑–Ω–∞–Ω–∏–π –æ—Ç –°–≤–µ—Ç–ª–∞–Ω—ã –ö—É–ª–µ—à–æ–≤–æ–π –≤ 2026 –≥–æ–¥—É!

–°—Ç–æ–∏–º–æ—Å—Ç—å –∫—É—Ä—Å–∞ 60 000 —Ä—É–±–ª–µ–π
"
"–û–ª–µ–≥ –ö—É—Ä–Ω–∏–∫–æ–≤","–¢—é–º–µ–Ω—å | 27-28 –Ω–æ—è–±—Ä—è","üíá‚Äç‚ôÇÔ∏è –ö—É—Ä—Å ¬´Cut & Styling¬ª –æ—Ç –û–ª–µ–≥–∞ –ö—É—Ä–Ω–∏–∫–æ–≤–∞
–î–ª—è –º–∞—Å—Ç–µ—Ä–æ–≤, –∫–æ—Ç–æ—Ä—ã–µ —Ö–æ—Ç—è—Ç –±–æ–ª—å—à–µ–≥–æ

üîπ –û–ª–µ–≥ –ö—É—Ä–Ω–∏–∫–æ–≤ ‚Äî –æ–¥–∏–Ω –∏–∑ —Ç–æ–ø‚Äë10 —Å—Ç–∏–ª–∏—Å—Ç–æ–≤ –°–∞–Ω–∫—Ç‚Äë–ü–µ—Ç–µ—Ä–±—É—Ä–≥–∞,
–æ–±–ª–∞–¥–∞—Ç–µ–ª—å –ø—Ä–µ–º–∏–π Wella Trendsetters Awards –∏ Bronze Style Master TVA'20,
–∞–∫–∫—Ä–µ–¥–∏—Ç–æ–≤–∞–Ω–Ω—ã–π —ç–∫—Å–ø–µ—Ä—Ç Sassoon (–õ–æ–Ω–¥–æ–Ω),
—ç–∫—Å‚Äë—Ä—É–∫–æ–≤–æ–¥–∏—Ç–µ–ª—å –æ–±—É—á–µ–Ω–∏—è Wella –≤ –°–∞–Ω–∫—Ç‚Äë–ü–µ—Ç–µ—Ä–±—É—Ä–≥–µ –∏ —Å—Ç—Ä–∞–Ω–∞—Ö –°–ù–ì.

üöÄ –ß—Ç–æ –≤–∞—Å –∂–¥—ë—Ç –Ω–∞ –∫—É—Ä—Å–µ:
4 —Å–∞–ª–æ–Ω–Ω—ã—Ö —Ä–∞–±–æ—Ç—ã –ø–æ –∞–≤—Ç–æ—Ä—Å–∫–∏–º —Å—Ö–µ–º–∞–º

–ö–æ–º–±–∏–Ω–∞—Ü–∏—è —Ç–µ—Ö–Ω–∏–∫ —Å—Ç—Ä–∏–∂–µ–∫ –∏ —É–∫–ª–∞–¥–æ–∫ ‚Äî –æ—Ç —Ä–∞–∑–¥–µ–ª–µ–Ω–∏—è –¥–æ —Ñ–∏–Ω–∞–ª—å–Ω–æ–≥–æ —Ñ–æ—Ç–æ

100% –ø—Ä–∞–∫—Ç–∏–∫–∞ ‚Äî –æ–±—É—á–µ–Ω–∏–µ –∏—Å–∫–ª—é—á–∏—Ç–µ–ª—å–Ω–æ –Ω–∞ –¥–µ–π—Å—Ç–≤–∏—è—Ö

–†–∞–±–æ—Ç–∞ –Ω–∞ –≤—Å–µ—Ö –¥–ª–∏–Ω–∞—Ö: –¥–ª–∏–Ω–Ω—ã–µ, —Å—Ä–µ–¥–Ω–∏–µ, –∫–æ—Ä–æ—Ç–∫–∏–µ

–í—Å–µ –æ—Ç—Ä–∞–±–∞—Ç—ã–≤–∞–µ—Ç—Å—è –Ω–∞ –º–∞–Ω–µ–∫–µ–Ω–∞—Ö —Å –Ω–∞—Ç—É—Ä–∞–ª—å–Ω—ã–º–∏ –≤–æ–ª–æ—Å–∞–º–∏

üìå –î–ª—è –∫–æ–≥–æ: –æ–ø—ã—Ç–Ω—ã–µ –º–∞—Å—Ç–µ—Ä–∞, –∫–æ—Ç–æ—Ä—ã–µ —Ö–æ—Ç—è—Ç –Ω–µ –ø—Ä–æ—Å—Ç–æ ¬´—É–º–µ—Ç—å¬ª, –∞ –¥–µ–ª–∞—Ç—å —Å—Ç–∏–ª—å.

üíº –†–µ–∑—É–ª—å—Ç–∞—Ç: —Ç–µ—Ö–Ω–∏–∫–∏, –∫–æ—Ç–æ—Ä—ã–µ –º–æ–∂–Ω–æ —Å—Ä–∞–∑—É –≤–Ω–µ–¥—Ä–∏—Ç—å –≤ —Å–∞–ª–æ–Ω–µ + –∫–æ–Ω—Ç–µ–Ω—Ç, –∫–æ—Ç–æ—Ä—ã–π —Ö–æ—á–µ—Ç—Å—è –≤—ã–∫–ª–∞–¥—ã–≤–∞—Ç—å.

üí∞ –°—Ç–æ–∏–º–æ—Å—Ç—å —É—á–∞—Å—Ç–∏—è: 50 000 ‚ÇΩ"
"–û–ª—å–≥–∞ –í–æ—Ä–æ–Ω–∏–Ω–∞","–ï–∫–∞—Ç–µ—Ä–∏–Ω–±—É—Ä–≥ | 8 –¥–µ–∫–∞–±—Ä—è; –¢—é–º–µ–Ω—å | 10 –¥–µ–∫–∞–±—Ä—è; –°—É—Ä–≥—É—Ç | 12  –¥–µ–∫–∞–±—Ä—è; ","üì≤ –ö—É—Ä—Å ¬´–ó–∞–ø—Ä–µ—â–µ–Ω–æ–≥—Ä–∞–º —Å –Ω—É–ª—è. Insta –¥–ª—è –ø–∞—Ä–∏–∫–º–∞—Ö–µ—Ä–æ–≤¬ª
–ü—Ä–∏–≥–ª–∞—à—ë–Ω–Ω—ã–π —Å–ø–∏–∫–µ—Ä ‚Äî –û–ª—å–≥–∞ –í–æ—Ä–æ–Ω–∏–Ω–∞ (@boovoronina)
‚è∞ –¢–∞–π–º–∏–Ω–≥: —Å 10:00 –¥–æ 19:00
üìç –§–æ—Ä–º–∞—Ç: –æ—Ñ–ª–∞–π–Ω-–æ–±—É—á–µ–Ω–∏–µ

üî• –î–ª—è –∫–æ–≥–æ —ç—Ç–æ—Ç –∫—É—Ä—Å
–î–ª—è –ø–∞—Ä–∏–∫–º–∞—Ö–µ—Ä–æ–≤, –∫–æ—Ç–æ—Ä—ã–µ —Ö–æ—Ç—è—Ç –ø—Ä–æ–¥–≤–∏–≥–∞—Ç—å —Å–µ–±—è –≤ —Å–æ—Ü—Å–µ—Ç—è—Ö, –Ω–æ –Ω–µ –∑–Ω–∞—é—Ç, —Å —á–µ–≥–æ –Ω–∞—á–∞—Ç—å.
–î–ª—è –º–∞—Å—Ç–µ—Ä–æ–≤, –∫–æ—Ç–æ—Ä—ã–µ —É–∂–µ –≤–µ–¥—É—Ç —Å—Ç—Ä–∞–Ω–∏—Ü—É, –Ω–æ –Ω–µ –ø–æ–ª—É—á–∞—é—Ç –æ—Ç–∫–ª–∏–∫–∞ –∏ –∑–∞–ø–∏—Å–µ–π.
–î–ª—è —Ç–µ—Ö, –∫—Ç–æ —É—Å—Ç–∞–ª –æ—Ç —Ö–∞–æ—Ç–∏—á–Ω–æ–≥–æ –≤–µ–¥–µ–Ω–∏—è –∞–∫–∫–∞—É–Ω—Ç–∞ –∏ —Ö–æ—á–µ—Ç –ø—Ä–æ—Å—Ç—É—é —Å–∏—Å—Ç–µ–º—É.

üßæ –ü—Ä–æ–≥—Ä–∞–º–º–∞ –∫—É—Ä—Å–∞
–ó–∞–ø—Ä–µ—â–µ–Ω–æ–≥—Ä–∞–º —Å –Ω—É–ª—è: –Ω–∞—Å—Ç—Ä–æ–π–∫–∞, –æ—Ñ–æ—Ä–º–ª–µ–Ω–∏–µ, –ø–µ—Ä–≤—ã–µ —à–∞–≥–∏.
–ö–æ–Ω—Ç–µ–Ω—Ç –¥–ª—è –ø–∞—Ä–∏–∫–º–∞—Ö–µ—Ä–æ–≤: —á—Ç–æ –ø—É–±–ª–∏–∫–æ–≤–∞—Ç—å, —á—Ç–æ–±—ã –∫–ª–∏–µ–Ω—Ç—ã –ø—Ä–∏—Ö–æ–¥–∏–ª–∏ —Å–∞–º–∏.
Reels –∏ —Å—Ç–æ—Ä–∏—Å: –∞–ª–≥–æ—Ä–∏—Ç–º—ã, —Ç—Ä–µ–Ω–¥—ã, —Ä–∞–±–æ—á–∏–µ —Ñ–æ—Ä–º–∞—Ç—ã.
–í–æ—Ä–æ–Ω–∫–∞ –ø—Ä–æ–¥–∞–∂ –≤ —Å–æ—Ü—Å–µ—Ç—è—Ö: –∫–∞–∫ –ø—Ä–µ–≤—Ä–∞—Ç–∏—Ç—å –ª–∞–π–∫–∏ –≤ –∑–∞–ø–∏—Å–∏.
–õ–∏—á–Ω—ã–π –±—Ä–µ–Ω–¥ –º–∞—Å—Ç–µ—Ä–∞: –∫–∞–∫ –≤—ã–¥–µ–ª–∏—Ç—å—Å—è —Å—Ä–µ–¥–∏ –∫–æ–Ω–∫—É—Ä–µ–Ω—Ç–æ–≤.
–°—Ü–µ–Ω–∞—Ä–∏–∏ –ø–æ—Å—Ç–æ–≤ –∏ —Å—Ç–æ—Ä–∏—Å, –∫–æ—Ç–æ—Ä—ã–µ —Ü–µ–ø–ª—è—é—Ç –≤–Ω–∏–º–∞–Ω–∏–µ –∏ –≤–µ–¥—É—Ç –∫ –∑–∞–ø–∏—Å–∏.

üë©‚Äçüíª –û —Å–ø–∏–∫–µ—Ä–µ ‚Äî –û–ª—å–≥–∞ –í–æ—Ä–æ–Ω–∏–Ω–∞
–î–∏—Ä–µ–∫—Ç–æ—Ä –ø–æ –ø—Ä–æ–¥–∞–∂–∞–º VS ACADEMY
–ì–ª–∞–≤–∞ SMM-–æ—Ç–¥–µ–ª–∞ VS ACADEMY –∏ –±—å—é—Ç–∏-–∞—Ç–µ–ª—å–µ SUBROSA
–õ–∏—á–Ω—ã–π SMM-–∫–æ–Ω—Å—É–ª—å—Ç–∞–Ω—Ç –í–ª–∞–¥–∏–º–∏—Ä–∞ –°–∞—Ä–±–∞—à–µ–≤–∞
–†–∞–∑—Ä–∞–±–æ—Ç—á–∏–∫ —Å—Ç—Ä–∞—Ç–µ–≥–∏–π –∏ —Å—Ü–µ–Ω–∞—Ä–∏–µ–≤ –¥–ª—è –∞–∫–∫–∞—É–Ω—Ç–æ–≤, –∫–æ—Ç–æ—Ä—ã–µ –ø–æ–º–æ–≥–∞—é—Ç –±–∏–∑–Ω–µ—Å—É
–í–æ–ª–æ–Ω—Ç—ë—Ä, –Ω–∞—á–∏–Ω–∞—é—â–∏–π —Å—Ç–µ–Ω–¥–∞–ø-–∫–æ–º–∏–∫ –∏ —á–µ–ª–æ–≤–µ–∫, –∏—Å–∫—Ä–µ–Ω–Ω–µ –ª—é–±—è—â–∏–π –ª—é–¥–µ–π

üí° –ü–æ—Å–ª–µ –∫—É—Ä—Å–∞ –≤—ã —Å–º–æ–∂–µ—Ç–µ:
–ó–∞–ø—É—Å—Ç–∏—Ç—å –∏ –æ—Ñ–æ—Ä–º–∏—Ç—å —Å–≤–æ–π –∞–∫–∫–∞—É–Ω—Ç –ø—Ä–∞–≤–∏–ª—å–Ω–æ.
–ù–∞—É—á–∏—Ç—å—Å—è —Å–æ–∑–¥–∞–≤–∞—Ç—å –∫–æ–Ω—Ç–µ–Ω—Ç, –∫–æ—Ç–æ—Ä—ã–π —Ä–∞–±–æ—Ç–∞–µ—Ç.
–ü–æ–Ω—è—Ç—å –∞–ª–≥–æ—Ä–∏—Ç–º—ã –∏ –ø–µ—Ä–µ—Å—Ç–∞—Ç—å ¬´–±–∏—Ç—å—Å—è –≤ —Å—Ç–µ–Ω—É¬ª.
–ü–æ–ª—É—á–∏—Ç—å –≥–æ—Ç–æ–≤—É—é —Å—Ç—Ä–∞—Ç–µ–≥–∏—é –ø—Ä–æ–¥–≤–∏–∂–µ–Ω–∏—è –¥–ª—è –º–∞—Å—Ç–µ—Ä–∞-–ø–∞—Ä–∏–∫–º–∞—Ö–µ—Ä–∞.
–ü—Ä–∏–≤–ª–µ–∫–∞—Ç—å –Ω–æ–≤—ã—Ö –∫–ª–∏–µ–Ω—Ç–æ–≤ –∏ —É–≤–µ–ª–∏—á–∏—Ç—å –∫–æ–ª–∏—á–µ—Å—Ç–≤–æ –∑–∞–ø–∏—Å–µ–π.

üí∞ –°—Ç–æ–∏–º–æ—Å—Ç—å —É—á–∞—Å—Ç–∏—è
12 000 ‚ÇΩ
10 000 ‚ÇΩ –Ω–∞ —á–µ–ª–æ–≤–µ–∫–∞, –µ—Å–ª–∏ –ø—Ä–∏—Ö–æ–¥–∏—Ç–µ –≤–º–µ—Å—Ç–µ —Å –∫–æ–ª–ª–µ–≥–æ–π"
"–ê–Ω–Ω–∞ –ë—ã—Å—Ç—Ä–æ–≤–∞"," –°–∞–Ω–∫—Ç-–ü–µ—Ç–µ—Ä–±—É—Ä–≥ | 16-17 –æ–∫—Ç—è–±—Ä—è","
–ê–Ω–Ω–∞ –±—ã—Å—Ç—Ä–æ–≤–∞ @annabistrova | –°—Ç—Ä–∏–∂–∫–∏ –±–ª–µ–π–¥–æ–º

–º–∞—Å—Ç–µ—Ä-–∫–ª–∞—Å—Å ‚Ä¢—Å—Ç—Ä–∏–∂–∫–∏ –±–ª–µ–π–¥–æ–º‚Ä¢

1 –¥–µ–Ω—å –¥–µ–º–æ
—Å 10.00 –¥–æ +-19.00

‚ú® –ø—Ä–µ–∑–µ–Ω—Ç–∞—Ü–∏—è - –ª–µ–∫—Ü–∏—è –æ —Å–æ–≤—Ä–µ–º–µ–Ω–Ω—ã—Ö —Ç—Ä–µ–Ω–¥–∞—Ö –≤ —Å—Ç—Ä–∏–∂–∫–∞—Ö
‚ú® –¥–µ—Ç–∞–ª—å–Ω—ã–π —Ä–∞–∑–±–æ—Ä –ø—Ä–∏–µ–º–æ–≤ –∏ —Ç–µ—Ö–Ω–∏–∫–∏ —Ä–∞–±–æ—Ç—ã –±–ª–µ–π–¥–æ–º
‚ú® –¥–µ–º–æ–Ω—Å—Ç—Ä–∞—Ü–∏—è 3—Ö —Å—Ç—Ä–∏–∂–µ–∫ –Ω–∞ –º–æ–¥–µ–ª—è—Ö (–∫–æ—Ä–æ—Ç–∫–∞—è , —Å—Ä–µ–¥–Ω—è—è –¥–ª–∏–Ω–Ω–∞ –∏ –¥–ª–∏–Ω–Ω—ã–µ –≤–æ–ª–æ—Å—ã)
üí• –≤—Å–µ–º —É—á–∞—Å—Ç–Ω–∏–∫–∞–º –ú–ö –º–æ–π –ì–ò–î –ü–û –¢–†–ï–ù–î–ê–ú –≤ –ø–æ–¥–∞—Ä–æ–∫ üéÅ ( –≤ —ç–ª–µ–∫—Ç—Ä–æ–Ω–Ω–æ–º –≤–∏–¥–µ)

–±–æ–Ω—É—Å –Ω–∞ –º–∫: —Å–¥–µ–ª–∞—é –¥–æ–ø–æ–ª–Ω–∏—Ç–µ–ª—å–Ω—É—é —Ç—Ä–∞–Ω—Å—Ñ–æ—Ä–º–∞—Ü–∏—é —É–∫–ª–∞–¥–∫–∏ –∏–∑ –ø—Ä—è–º—ã—Ö –≤–æ–ª–æ—Å –≤ —Ç–µ–∫—Å—Ç—É—Ä—É

2 –¥–µ–Ω—å –æ—Ç—Ä–∞–±–æ—Ç–∫–∞ 2—Ö —Å—Ç—Ä–∏–∂–µ–∫ –Ω–∞ 2—Ö –º–æ–¥–µ–ª—è—Ö

—Å 10.00 –¥–æ +- 19.00

‚ñ™Ô∏è–º–∞–∫—Å–∏–º–∞–ª—å–Ω–æ–µ –∫–æ–ª–∏—á–µ—Å—Ç–≤–æ —É—á–∞—Å—Ç–Ω–∏–∫–æ–≤ –Ω–∞ –æ—Ç—Ä–∞–±–æ—Ç–∫—É 10 ‚Äì 12 —á–µ–ª–æ–≤–µ–∫

-2 –º–æ–¥–µ–ª–∏ –Ω–∞ –∫–∞–∂–¥–æ–≥–æ –º–∞—Å—Ç–µ—Ä–∞

–ø—Ä–∏ —É—Å–ª–æ–≤–∏–∏, —á—Ç–æ –º–∞—Å—Ç–µ—Ä —É–∫–ª–∞–¥—ã–≤–∞–µ—Ç—Å—è –≤ —Ç–∞–π–º–∏–Ω–≥ –¥–æ 19.00

–ß—Ç–æ —Ç–∞–∫–æ–µ –ì–ò–î –ü–û –¢–†–ï–ù–î–ê–ú , –∫–æ—Ç–æ—Ä—ã–π –ø–æ–ª—É—á–∏—Ç –≤ –ø–æ–¥–∞—Ä–æ–∫ –∫–∞–∂–¥—ã–π –º–∞—Å—Ç–µ—Ä –Ω–∞ –º–∞—Å—Ç–µ—Ä –∫–ª–∞—Å—Å–µüîΩ

‚Ä¢55 —Å—Ç—Ä–∞–Ω–∏—Ü —Å–æ—á–Ω—ã—Ö –∏ —è—Ä–∫–∏—Ö —Ñ–æ—Ç–æ —Å –æ—Å–Ω–æ–≤–Ω—ã–º–∏ —Ç—Ä–µ–Ω–¥–∞–º–∏ –≤ –≤–æ–ª–æ—Å–∞—Ö –Ω–∞ 2025
‚Ä¢–∞–Ω—Ç–∏—Ç—Ä–µ–Ω–¥—ã —Å –ø—Ä–∏–º–µ—Ä–∞–º–∏
‚Ä¢pdf —Ñ–æ—Ä–º–∞—Ç –æ—Ç –¥–∏–∑–∞–π–Ω–µ—Ä–∞, –∫–æ—Ç–æ—Ä—ã–π –º–æ–∂–Ω–æ —Å–∫–∞—á–∞—Ç—å –∏ —Ä–∞—Å–ø–µ—á–∞—Ç–∞—Ç—å –≤ –≤–∏–¥–µ –∞–ª—å–±–æ–º–∞ –¥–ª—è –∫–ª–∏–µ–Ω—Ç–æ–≤
‚Ä¢—Ä–µ–∫–æ–º–µ–Ω–¥–∞—Ü–∏–∏ –ø—Ä–æ—Ñ–∏–ª–µ–π –≥–ª—è–Ω—Ü–∞, —Ç–æ–ø-—Å—Ç–∏–ª–∏—Å—Ç–æ–≤, –∑–≤–µ–∑–¥, –∫–æ—Ç–æ—Ä—ã–µ –∑–∞–¥–∞—é—Ç —Ç—Ä–µ–Ω–¥—ã
–ì–ò–î –ü–û –¢–†–ï–ù–î–ê–ú –≠–¢–û –û–¢–í–ï–¢ –ù–ê –í–û–ü–†–û–° –í–°–ï–• –ö–õ–ò–ï–ù–¢–û–í: –ê –ß–¢–û –°–ï–ô–ß–ê–° –ú–û–î–ù–û?

–°—Ç–æ–∏–º–æ—Å—Ç—å –∫—É—Ä—Å–∞ —Å –æ—Ç—Ä–∞–±–æ—Ç–∫–æ–π 25000 —Ä—É–±–ª–µ–π

–°—Ç–æ–∏–º–æ—Å—Ç—å –∫—É—Ä—Å–∞ –±–µ–∑ –æ—Ç—Ä–∞–±–æ—Ç–∫–∏ 6000 —Ä—É–±–ª–µ–π

–ü—Ä–∏ –∫–æ–ª–ª–µ–∫—Ç–∏–≤–Ω–æ–º –ø–æ—Å–µ—â–µ–Ω–∏–∏ –∫—É—Ä—Å–∞ –±–µ–∑ –æ—Ç—Ä–∞–±–æ—Ç–∫–∏ ( –æ—Ç 2-—Ö —á–µ–ª–æ–≤–µ–∫ –≤–∫–ª—é—á–∏—Ç–µ–ª—å–Ω–æ) —Å—Ç–æ–∏–º–æ—Å—Ç—å 5 000 –¥–ª—è –∫–∞–∂–¥–æ–≥–æ —É—á–∞—Å—Ç–Ω–∏–∫–∞"
"–ù–∞–¥–µ–∂–¥–∞ –ì–µ—Ä–±–µ—Ä","–¢—é–º–µ–Ω—å | 4-5 –¥–µ–∫–∞–±—Ä—è","–ù–∞–¥–µ–∂–¥–∞ –ì–µ—Ä–±–µ—Ä @nadi_gerber —Å –∞–≤—Ç–æ—Ä—Å–∫–∏–º –º–∞—Å—Ç–µ—Ä-–∫–ª–∞—Å—Å–æ–º
¬´–û–±—ä—ë–º–Ω—ã–µ —É–∫–ª–∞–¥–∫–∏ –∏ –∫–æ–º–º–µ—Ä—á–µ—Å–∫–∏–µ –ø—Ä–∏—á—ë—Å–∫–∏¬ª

üí• –í—Å—Ç—Ä–µ—á–∞–π—Ç–µ –≤ –≤–∞—à–µ–º –≥–æ—Ä–æ–¥–µ –ù–∞–¥–µ–∂–¥—É –ì–µ—Ä–±–µ—Ä ‚Äî —Ö—É–¥–æ–∂–Ω–∏–∫–∞-–º–æ–¥–µ–ª—å–µ—Ä–∞ –ø–æ –ø—Ä–∏—á–µ—Å–∫–∞–º –∏ –º–∞—Å—Ç–µ—Ä–∞ –º–µ–∂–¥—É–Ω–∞—Ä–æ–¥–Ω–æ–≥–æ –∫–ª–∞—Å—Å–∞ —Å —É–Ω–∏–∫–∞–ª—å–Ω–æ–π –æ–±—É—á–∞—é—â–µ–π –ø—Ä–æ–≥—Ä–∞–º–º–æ–π!

‚ñç–û —Å–ø–∏–∫–µ—Ä–µ
–ù–∞–¥–µ–∂–¥–∞ –ì–µ—Ä–±–µ—Ä [@nadigerber]
‚ú® –ú–∞—Å—Ç–µ—Ä –º–µ–∂–¥—É–Ω–∞—Ä–æ–¥–Ω–æ–≥–æ –∫–ª–∞—Å—Å–∞
‚ú® –•—É–¥–æ–∂–Ω–∏–∫-–º–æ–¥–µ–ª—å–µ—Ä –ø–æ –ø—Ä–∏—á–µ—Å–∫–∞–º
‚ú® –û—Å–Ω–æ–≤–∞—Ç–µ–ª—å NadiGerberAcademy (–ú–æ—Å–∫–≤–∞)
‚ú® –ê–∫–∞–¥–µ–º–∏–∫ –ø–∞—Ä–∏–∫–º–∞—Ö–µ—Ä—Å–∫–æ–≥–æ –∏—Å–∫—É—Å—Å—Ç–≤–∞ –ø–æ –ø—Ä–∏—á–µ—Å–∫–∞–º

‚ñç–ß—Ç–æ –≤–∞—Å –∂–¥—ë—Ç –Ω–∞ –º–∞—Å—Ç–µ—Ä-–∫–ª–∞—Å—Å–µ
–ë–ª–æ–∫ 1. –¢–µ–æ—Ä–∏—è –∏ –¥–µ–º–æ–Ω—Å—Ç—Ä–∞—Ü–∏–∏
‚Äì –ü–æ–¥–≥–æ—Ç–æ–≤–∫–∞ –≤–æ–ª–æ—Å: —Ç–µ—Ö–Ω–∏–∫–∞ –∏ –Ω—é–∞–Ω—Å—ã
‚Äì –ö–∞–∫ –ø—Ä–∞–≤–∏–ª—å–Ω–æ –≤—ã–±—Ä–∞—Ç—å —Å—Ç–∞–π–ª–∏–Ω–≥: —Ä–µ–∫–æ–º–µ–Ω–¥–∞—Ü–∏–∏
‚Äì –°—Ö–µ–º—ã –∏ –ø—Ä–∏—ë–º—ã —Å–æ–∑–¥–∞–Ω–∏—è –Ω–∞–∫—Ä—É—Ç–æ–∫ –∏ —É–∫–ª–∞–¥–æ–∫
‚Äì –ü–æ–¥–±–æ—Ä —Ç–µ—Ö–Ω–∏–∫–∏ –ø–æ–¥ —Ç–∏–ø –≤–æ–ª–æ—Å –∫–ª–∏–µ–Ω—Ç–∞

–î–µ–º–æ–Ω—Å—Ç—Ä–∞—Ü–∏–∏ –ø—Ä–∏—á–µ—Å–æ–∫:
‚Äì –û–±—ä—ë–º–Ω–∞—è —É–∫–ª–∞–¥–∫–∞ ¬´–ú—è–≥–∫–∞—è –≤–æ–ª–Ω–∞¬ª
‚Äì –û–±—ä—ë–º–Ω–∞—è —É–∫–ª–∞–¥–∫–∞ —Å —ç—Ñ—Ñ–µ–∫—Ç–æ–º ¬´–∫–∞–∫ –Ω–∞ –±—Ä–∞—à¬ª
‚Äì –†–∞–±–æ—Ç–∞ —Å —Ç–µ–∫—Å—Ç—É—Ä–æ–π: —É–Ω–∏–≤–µ—Ä—Å–∞–ª—å–Ω—ã–µ —Ç–µ—Ö–Ω–∏–∫–∏ –¥–ª—è –≤—Å–µ—Ö –≤–∏–¥–æ–≤ —Å–æ–±—Ä–∞–Ω–Ω—ã—Ö –ø—Ä–∏—á–µ—Å–æ–∫
‚Äì –ù–∏–∑–∫–∏–π —Ç–µ–∫—Å—Ç—É—Ä–Ω—ã–π –ø—É—á–æ–∫
‚Äì –¢–µ–∫—Å—Ç—É—Ä–Ω—ã–π —Ö–≤–æ—Å—Ç
‚Äì –¢–µ–∫—Å—Ç—É—Ä–Ω–∞—è —Ä–∞–∫—É—à–∫–∞

–ë–ª–æ–∫ 2. –ü—Ä–∞–∫—Ç–∏–∫–∞
‚Äì –û—Ç—Ä–∞–±–æ—Ç–∫–∞ –Ω–∞ 2 –º–æ–¥–µ–ª—è—Ö
‚Äì –í—ã–ø–æ–ª–Ω–µ–Ω–∏–µ 2‚Äì3 –æ–±—Ä–∞–∑–æ–≤ –ø–æ–¥ —Ä—É–∫–æ–≤–æ–¥—Å—Ç–≤–æ–º –ù–∞–¥–µ–∂–¥—ã

‚ñç–ü–æ—Å–ª–µ –æ–±—É—á–µ–Ω–∏—è
‚Äì –ò–º–µ–Ω–Ω–æ–π —Å–µ—Ä—Ç–∏—Ñ–∏–∫–∞—Ç –æ–± —É—á–∞—Å—Ç–∏–∏
‚Äì –ü–æ–ª–µ–∑–Ω—ã–µ —Ä–∞–±–æ—á–∏–µ —Å—Ö–µ–º—ã –∏ —Ç–µ—Ö–Ω–∏–∫–∏, –∫–æ—Ç–æ—Ä—ã–µ –ª–µ–≥–∫–æ –≤–Ω–µ–¥—Ä—è—é—Ç—Å—è –≤ —Å–∞–ª–æ–Ω–Ω—ã–π –∏ —Å–≤–∞–¥–µ–±–Ω—ã–π —Ñ–æ—Ä–º–∞—Ç
‚Äì –ú–æ—â–Ω—ã–π –∑–∞—Ä—è–¥ –≤–¥–æ—Ö–Ω–æ–≤–µ–Ω–∏—è

‚ñç–°—Ç–æ–∏–º–æ—Å—Ç—å —É—á–∞—Å—Ç–∏—è
–° –æ—Ç—Ä–∞–±–æ—Ç–∫–æ–π: 25 000 ‚ÇΩ
–ë–µ–∑ –æ—Ç—Ä–∞–±–æ—Ç–∫–∏:
‚Äì 5 000 ‚ÇΩ –ø—Ä–∏ –æ–ø–ª–∞—Ç–µ –¥–æ 1 –æ–∫—Ç—è–±—Ä—è
‚Äì 7 000 ‚ÇΩ –ø—Ä–∏ –æ–ø–ª–∞—Ç–µ –ø–æ—Å–ª–µ 1 –æ–∫—Ç—è–±—Ä—è"
"–û–ª–µ—Å—è –ö—Ä—É—Ç–µ–≤–∏—á","–¢—é–º–µ–Ω—å | 29-30 —è–Ω–≤–∞—Ä—è 2026 –≥–æ–¥","–ü–†–û–ì–†–ê–ú–ú–ê –°–ï–ú–ò–ù–ê–†–ê

–î–ï–ù–¨ 1: –¢–ï–û–†–ò–Ø + –î–ï–ú–û–ù–°–¢–†–ê–¶–ò–Ø

 ‚ÅÉ –ú–∞—Ç. —á–∞—Å—Ç—å –ø–æ –ø–æ—Ä–æ—à–∫–∞–º, –∫—Ä–∞—Å–∏—Ç–µ–ª—é –∏ –æ–∫–∏—Å–ª–∏—Ç–µ–ª—è–º
 ‚ÅÉ –í—Å–µ –≤–∏–¥—ã —Å–º—ã–≤–æ–∫
 ‚ÅÉ –°–µ–∫—Ä–µ—Ç—ã –∫–æ—Ä—Ä–µ–∫—Ü–∏–∏ –ø—è—Ç–Ω–∏—Å—Ç—ã—Ö –±–ª–æ–Ω–¥–æ–≤
- –ü—Ä–∞–∫—Ç–∏—á–µ—Å–∫–∏–π —Ä–∞–∑–±–æ—Ä: –∫–∞–∫ —Å–æ—Å—Ç–∞–≤–∏—Ç—å –∫–∞—Ä—Ç—É –æ–∫—Ä–∞—à–∏–≤–∞–Ω–∏—è –¥–ª—è —Å–ª–æ–∂–Ω–æ–≥–æ —Å–ª—É—á–∞—è
- –ü–æ—à–∞–≥–æ–≤—ã–µ —Ç–µ—Ö–Ω–∏–∫–∏ –≤—ã—Ö–æ–¥–∞ –∏–∑ —Ç–µ–º–Ω–æ–≥–æ
- –ö–æ–º–±–∏–Ω–∏—Ä–æ–≤–∞–Ω–Ω—ã–µ –º–µ—Ç–æ–¥—ã —Ä–∞–±–æ—Ç—ã —Å–æ —Å–ª–æ–∂–Ω—ã–º–∏ —Å–ª—É—á–∞—è–º–∏
- –ê–ª–≥–æ—Ä–∏—Ç–º—ã –∏—Å–ø—Ä–∞–≤–ª–µ–Ω–∏—è –±—ã—Ç–æ–≤–æ–≥–æ –æ–∫—Ä–∞—à–∏–≤–∞–Ω–∏—è
- –¢–µ—Ö–Ω–∏–∫–∞ –ø–æ—Å–ª–æ–π–Ω–æ–≥–æ –æ—Å–≤–µ—Ç–ª–µ–Ω–∏—è –¥–ª—è –º–∏–Ω–∏–º–∏–∑–∞—Ü–∏–∏ –ø–æ–≤—Ä–µ–∂–¥–µ–Ω–∏—è –≤–æ–ª–æ—Å
 ‚ÅÉ –ë—ã—Å—Ç—Ä—ã–µ —Ç–µ—Ö–Ω–∏–∫–∏ —Ç–æ–Ω–∏—Ä–æ–≤–∞–Ω–∏—è
 ‚ÅÉ –ë—ã—Å—Ç—Ä—ã–µ —Ç–µ—Ö–Ω–∏–∫–∏ –∏—Å–ø—Ä–∞–≤–ª–µ–Ω–∏—è —Ñ–∞–∫–∞–ø–æ–≤
 ‚ÅÉ –†–∞–±–æ—Ç–∞ —Å –ø–µ—Ä–µ–æ—Å–≤–µ—Ç–ª–µ–Ω–Ω—ã–º–∏ –∏ —Ö—Ä—É–ø–∫–∏–º–∏ –≤–æ–ª–æ—Å–∞–º–∏
 ‚ÅÉ –ü—Ä–µ–≤–µ–Ω—Ç–∏–≤–Ω—ã–µ –º–µ—Ä—ã –∏ –∑–∞—â–∏—Ç–∞ –≤–æ –≤—Ä–µ–º—è –æ—Å–≤–µ—Ç–ª–µ–Ω–∏—è 
- –î–µ–º–æ–Ω—Å—Ç—Ä–∞—Ü–∏—è –Ω–∞ –º–æ–¥–µ–ª–∏.

–î–ï–ù–¨ 2: –ü–†–ê–ö–¢–ò–ö–ê
- –†–∞–±–æ—Ç–∞ —Å –º–æ–¥–µ–ª—è–º–∏ –ø–æ–¥ —Ä—É–∫–æ–≤–æ–¥—Å—Ç–≤–æ–º –ø—Ä–µ–ø–æ–¥–∞–≤–∞—Ç–µ–ª—è
- –ò–Ω–¥–∏–≤–∏–¥—É–∞–ª—å–Ω–∞—è –ø–æ–¥–¥–µ—Ä–∂–∫–∞ –∫–∞–∂–¥–æ–≥–æ —É—á–∞—Å—Ç–Ω–∏–∫–∞
- –†–∞–∑–±–æ—Ä —Å–ª–æ–∂–Ω—ã—Ö —Å–ª—É—á–∞–µ–≤
- –û–±—Ä–∞—Ç–Ω–∞—è —Å–≤—è–∑—å –ø–æ –∫–∞–∂–¥–æ–π —Ä–∞–±–æ—Ç–µ
 ‚ÅÉ —á–∞—Ç-–ø–æ–¥–¥–µ—Ä–∂–∫–∞ –≤ —Ç–µ—á–µ–Ω–∏–µ –º–µ—Å—è—Ü–∞ –¥–ª—è —É—á–∞—Å—Ç–Ω–∏–∫–æ–≤
 ‚ÅÉ 
–í–ù–ò–ú–ê–ù–ò–ï! –¢–û–õ–¨–ö–û 10 –ú–ï–°–¢ –ù–ê –ü–†–ê–ö–¢–ò–ö–£!

–û–ª–µ—Å—è –¥–∞–µ—Ç –∫–æ–ª–æ—Ä–∏—Å—Ç–∞–º –Ω–∞—É—á–Ω–æ –æ–±–æ—Å–Ω–æ–≤–∞–Ω–Ω—ã–π –∏–Ω—Å—Ç—Ä—É–º–µ–Ω—Ç–∞—Ä–∏–π –¥–ª—è —Ä–µ—à–µ–Ω–∏—è —Å–ª–æ–∂–Ω—ã—Ö –∑–∞–¥–∞—á, –ø–æ–≤—ã—à–∞—è –∏—Ö –ø—Ä–æ—Ñ–µ—Å—Å–∏–æ–Ω–∞–ª—å–Ω—ã–π —É—Ä–æ–≤–µ–Ω—å –∏ –¥–æ—Ö–æ–¥–Ω–æ—Å—Ç—å –±–µ–∑ –æ–±—Ä–∞—â–µ–Ω–∏—è –∫ —Å–æ–º–Ω–∏—Ç–µ–ª—å–Ω—ã–º –º–µ—Ç–æ–¥–∏–∫–∞–º –∏ ""–≤–æ–ª—à–µ–±–Ω—ã–º"" —Å—Ä–µ–¥—Å—Ç–≤–∞–º –∏–∑ –∞–ø—Ç–µ–∫–∏, –∫–æ—Ç–æ—Ä—ã–µ, –∫–∞–∫ –Ω–∏ —Å—Ç—Ä–∞–Ω–Ω–æ, –Ω–µ –ø—Ä–æ—Ö–æ–¥–∏–ª–∏ —Ç–µ—Å—Ç–∏—Ä–æ–≤–∞–Ω–∏–µ –¥–ª—è –∏—Å–ø–æ–ª—å–∑–æ–≤–∞–Ω–∏—è –≤ –ø—Ä–æ—Ñ–µ—Å—Å–∏–æ–Ω–∞–ª—å–Ω–æ–º –æ–∫—Ä–∞—à–∏–≤–∞–Ω–∏–∏.

–°—Ç–æ–∏–º–æ—Å—Ç—å –∫—É—Ä—Å–∞ —Å –æ—Ç—Ä–∞–±–æ—Ç–∫–æ–π 35 000 —Ä—É–±–ª–µ–π
–°—Ç–æ–∏–º–æ—Å—Ç—å –∫—É—Ä—Å–∞ –±–µ–∑ –æ—Ç—Ä–∞–±–æ—Ç–∫–∏ 20 000 —Ä—É–±–ª–µ–π"
"–Ø—Ä–æ—Å–ª–∞–≤ –ú–∞—Å–ª–µ–Ω–Ω–∏–∫–æ–≤","–ï–∫–∞—Ç–µ—Ä–∏–Ω–±—É—Ä–≥ | 28-29 –æ–∫—Ç—è–±—Ä—è; –°—É—Ä–≥—É—Ç | 25-26 –Ω–æ—è–±—Ä—è","‚ú® –ö—É—Ä—Å –Ø—Ä–æ—Å–ª–∞–≤–∞ –ú–∞—Å–ª–µ–Ω–Ω–∏–∫–æ–≤–∞

–ë—ã—Å—Ç—Ä—ã–µ —Ç–µ—Ö–Ω–∏–∫–∏ –æ–∫—Ä–∞—à–∏–≤–∞–Ω–∏—è


üìÖ –ü—Ä–æ–≥—Ä–∞–º–º–∞ –∫—É—Ä—Å–∞
–î–µ–Ω—å 1 (–î–µ–º–æ–Ω—Å—Ç—Ä–∞—Ü–∏—è)

–î–µ–º–æ–Ω—Å—Ç—Ä–∞—Ü–∏—è –±—Ä–∞–∑–∏–ª—å—Å–∫–∏–π –±–ª–æ–Ω–¥ (—è—Ä–∫–∏–π —Ä–µ–ª—å–µ—Ñ–Ω—ã–π –±–ª–æ–Ω–¥)

–î–µ–º–æ–Ω—Å—Ç—Ä–∞—Ü–∏—è –±—Ä–∞–∑–∏–ª—å—Å–∫–∏–π –±—Ä—é–Ω–µ—Ç (–∫–∞—Ä–∞–º–µ–ª—å–Ω—ã–π –æ—Ç—Ç–µ–Ω–æ–∫)

–î–µ–º–æ–Ω—Å—Ç—Ä–∞—Ü–∏—è –¥–≤—É—Ö –∫–æ–º–º–µ—Ä—á–µ—Å–∫–∏—Ö —É–∫–ª–∞–¥–æ–∫

–ö–∞–∫ –∫—Ä–∞—Å–∏—Ç—å –∑–∞ 3 —á–∞—Å–∞ ‚ú®

–†–∞–±–æ—Ç–∞ —Å –∞—Å—Å–∏—Å—Ç–µ–Ω—Ç–æ–º –∏ –±–µ–∑ –Ω–µ–≥–æ

–°–µ–∫—Ä–µ—Ç—ã: –∫–∞–∫ –¥–µ–ª–∞—Ç—å —Ñ–æ—Ç–æ –∏ –≤–∏–¥–µ–æ –¥–ª—è –ø–æ—Ä—Ç—Ñ–æ–ª–∏–æ –∏ —Å–æ—Ü—Å–µ—Ç–µ–π

–î–µ–Ω—å 2 (–ü—Ä–∞–∫—Ç–∏–∫–∞)

–û—Ç—Ä–∞–±–æ—Ç–∫–∞ –Ω–∞ –º–æ–¥–µ–ª—è—Ö (—Ä–∞–∑–Ω—ã–µ —Å–ª—É—á–∞–∏ –∏ —Ç–∏–ø—ã –≤–æ–ª–æ—Å)

–ü–æ–¥—Ä–æ–±–Ω—ã–π —Ä–∞–∑–±–æ—Ä –æ—à–∏–±–æ–∫

–ü–æ—Å—Ç–∞–Ω–æ–≤–∫–∞ —Ä—É–∫–∏

–û–±—É—á–µ–Ω–∏–µ —Ä–∞–±–æ—Ç–µ –±—ã—Å—Ç—Ä–æ –∏ –ø—Ä–∞–≤–∏–ª—å–Ω–æ

–¢–æ—Ä–∂–µ—Å—Ç–≤–µ–Ω–Ω–æ–µ –≤—Ä—É—á–µ–Ω–∏–µ —Å–µ—Ä—Ç–∏—Ñ–∏–∫–∞—Ç–æ–≤

üéØ –î–ª—è –∫–æ–≥–æ –∫—É—Ä—Å

–î–ª—è –ø—Ä–∞–∫—Ç–∏–∫—É—é—â–∏—Ö –∫–æ–ª–æ—Ä–∏—Å—Ç–æ–≤, –∫–æ—Ç–æ—Ä—ã–µ —Ö–æ—Ç—è—Ç –≤—ã–≤–µ—Å—Ç–∏ —Å–≤–æ–∏ –Ω–∞–≤—ã–∫–∏ –Ω–∞ –Ω–æ–≤—ã–π —É—Ä–æ–≤–µ–Ω—å

–î–ª—è –º–∞—Å—Ç–µ—Ä–æ–≤, –∫–æ—Ç–æ—Ä—ã–º –≤–∞–∂–Ω–æ —Ä–∞–±–æ—Ç–∞—Ç—å –±—ã—Å—Ç—Ä–æ, –∫–æ–º–º–µ—Ä—á–µ—Å–∫–∏ –∏ –±–µ–∑ —Å—Ç—Ä–∞—Ö–∞ –ø–µ—Ä–µ–¥ —Å–ª–æ–∂–Ω—ã–º–∏ —Å–ª—É—á–∞—è–º–∏

–î–ª—è —Å–ø–µ—Ü–∏–∞–ª–∏—Å—Ç–æ–≤, —Å—Ç—Ä–µ–º—è—â–∏—Ö—Å—è —É–≤–µ–ª–∏—á–∏—Ç—å —á–µ–∫ –∏ —Ä–∞—Å—à–∏—Ä–∏—Ç—å –ø–µ—Ä–µ—á–µ–Ω—å —É—Å–ª—É–≥

üí∞ –°—Ç–æ–∏–º–æ—Å—Ç—å –∏ —Ñ–æ—Ä–º–∞—Ç—ã —É—á–∞—Å—Ç–∏—è

–° –æ—Ç—Ä–∞–±–æ—Ç–∫–æ–π:
20 000 ‚ÇΩ –ø—Ä–∏ –æ–ø–ª–∞—Ç–µ –¥–æ 1 –æ–∫—Ç—è–±—Ä—è
25 000 ‚ÇΩ –ø–æ—Å–ª–µ 1 –æ–∫—Ç—è–±—Ä—è

–ë–µ–∑ –æ—Ç—Ä–∞–±–æ—Ç–∫–∏ (—Ç–æ–ª—å–∫–æ —Ç–µ–æ—Ä–∏—è + –¥–µ–º–æ): 10 000 ‚ÇΩ

–í–¥–≤–æ—ë–º –≤—ã–≥–æ–¥–Ω–µ–µ:
–ü—Ä–∏–≤–µ–¥–∏—Ç–µ –∫–æ–ª–ª–µ–≥—É ‚Äî –ø–æ 8 000 ‚ÇΩ –Ω–∞ –∫–∞–∂–¥–æ–≥–æ (—Ñ–æ—Ä–º–∞—Ç –±–µ–∑ –æ—Ç—Ä–∞–±–æ—Ç–∫–∏).

–ë—Ä–æ–Ω—å –º–µ—Å—Ç–∞ ‚Äî –ø–æ –ø—Ä–µ–¥–æ–ø–ª–∞—Ç–µ 5 000 ‚ÇΩ. –í–æ–∑–º–æ–∂–Ω–∞ —Ä–∞—Å—Å—Ä–æ—á–∫–∞."
"–¢–∞—Ç—å—è–Ω–∞ –õ–∏—Å–∏–Ω–∞","–ö–∞–∑–∞–Ω—å | 27-28 –Ω–æ—è–±—Ä—è","–¢–ê–¢–¨–Ø–ù–ê –õ–ò–°–ò–ù–ê
–î–≤—É—Ö–¥–Ω–µ–≤–Ω—ã–π –º–∞—Å—Ç–µ—Ä-–∫–ª–∞—Å—Å ""–ë–ª–æ–Ω–¥ –ë–ï–ó –ì–†–ê–ù–ò–¶""
–†–∞—Å–∫—Ä–æ–π –≤—Å–µ —Å–µ–∫—Ä–µ—Ç—ã –∏–¥–µ–∞–ª—å–Ω–æ–≥–æ –±–ª–æ–Ω–¥–∞!
–°—Ç–∞–Ω—å –≤–∏—Ä—Ç—É–æ–∑–æ–º –±–ª–æ–Ω–¥–∏—Ä–æ–≤–∞–Ω–∏—è –∏ —Å–æ–∑–¥–∞–≤–∞–π —à–µ–¥–µ–≤—Ä—ã –Ω–∞ –≤–æ–ª–æ—Å–∞—Ö –ª—é–±–æ–≥–æ —Ç–∏–ø–∞.
–•–≤–∞—Ç–∏—Ç –±–æ—è—Ç—å—Å—è —Å–ª–æ–∂–Ω–æ—Å—Ç–µ–π –∏ —Å–æ–º–Ω–µ–≤–∞—Ç—å—Å—è –≤ —Å–≤–æ–∏—Ö —Å–∏–ª–∞—Ö!                                                                 –≠—Ç–æ—Ç –º–∞—Å—Ç–µ—Ä-–∫–ª–∞—Å—Å ‚Äì —Ç–≤–æ–π –∫–ª—é—á –∫ –º–∏—Ä—É –±–µ–∑—É–ø—Ä–µ—á–Ω—ã—Ö, —Å–∏—è—é—â–∏—Ö –±–ª–æ–Ω–¥–æ–≤!

–≠—Ç–æ—Ç –º–∞—Å—Ç–µ—Ä-–∫–ª–∞—Å—Å –¥–ª—è —Ç–µ–±—è, –µ—Å–ª–∏ —Ç—ã:
* –°—Ç—Ä–µ–º–∏—à—å—Å—è –∫ –∏–¥–µ–∞–ª—å–Ω—ã–º —Ä–µ–∑—É–ª—å—Ç–∞—Ç–∞–º –≤ –±–ª–æ–Ω–¥–∏—Ä–æ–≤–∞–Ω–∏–∏, –±–µ–∑ –∂–µ–ª—Ç–∏–∑–Ω—ã –∏ –ø–æ–≤—Ä–µ–∂–¥–µ–Ω–∏–π.
* –•–æ—á–µ—à—å –æ—Å–≤–æ–∏—Ç—å –ø–µ—Ä–µ–¥–æ–≤—ã–µ —Ç–µ—Ö–Ω–∏–∫–∏ –∏ —É–≤–µ—Ä–µ–Ω–Ω–æ —Ä–∞–±–æ—Ç–∞—Ç—å —Å–æ —Å–ª–æ–∂–Ω—ã–º–∏ —Å–ª—É—á–∞—è–º–∏.
* –ñ–µ–ª–∞–µ—à—å —Ä–∞—Å—à–∏—Ä–∏—Ç—å —Å–≤–æ—é –∫–ª–∏–µ–Ω—Ç—Å–∫—É—é –±–∞–∑—É –∏ –ø–æ–≤—ã—Å–∏—Ç—å —Å–≤–æ–π –¥–æ—Ö–æ–¥.

–î–ï–ù–¨ 1: –î–ï–ú–û + –¢–ï–û–†–ò–Ø
–†–∞–∑–ª–æ–∂–∏–º –±–ª–æ–Ω–¥ –ø–æ –ø–æ–ª–æ—á–∫–∞–º!                                                                                                            –¢—ã —É–≤–∏–¥–∏—à—å –≤—Å–µ –Ω–∞ –ø—Ä–∞–∫—Ç–∏–∫–µ:
* –°—Ç—Ä—É–∫—Ç—É—Ä–∞ –≤–æ–ª–æ—Å ‚Äì —Ñ—É–Ω–¥–∞–º–µ–Ω—Ç —É—Å–ø–µ—Ö–∞: –∫–∞–∫ —Å—Ç—Ä–æ–µ–Ω–∏–µ –≤–æ–ª–æ—Å–∞ –≤–ª–∏—è–µ—Ç –Ω–∞ –ø—Ä–æ—Ü–µ—Å—Å –æ–∫—Ä–∞—à–∏–≤–∞–Ω–∏—è (–¥–ª—è –≤—ã–±–æ—Ä–∞ –æ–ø—Ç–∏–º–∞–ª—å–Ω–æ–π —Å—Ç—Ä–∞—Ç–µ–≥–∏–∏ –±–ª–æ–Ω–¥–∏—Ä–æ–≤–∞–Ω–∏—è).
* –†–∞–∑–±–æ—Ä –ø—Ä–æ–¥—É–∫—Ç–æ–≤ –¥–ª—è –æ–±–µ—Å—Ü–≤–µ—á–∏–≤–∞–Ω–∏—è: —Å–æ—Å—Ç–∞–≤—ã –∏ –ø—Ä–∏–Ω—Ü–∏–ø—ã –¥–µ–π—Å—Ç–≤–∏—è —Ä–∞–∑–ª–∏—á–Ω—ã—Ö –ø—Ä–æ–¥—É–∫—Ç–æ–≤, —á—Ç–æ–±—ã –Ω–∞—É—á–∏—Ç—å—Å—è –≤—ã–±–∏—Ä–∞—Ç—å –∏–¥–µ–∞–ª—å–Ω—ã–π –∏–Ω—Å—Ç—Ä—É–º–µ–Ω—Ç –¥–ª—è –ª—é–±–æ–π –∑–∞–¥–∞—á–∏.
* –ö–∞–∫–æ–π –ø–æ—Ä–æ—à–æ–∫ –≤—ã–±—Ä–∞—Ç—å: –∞–Ω–∞–ª–∏–∑ —Å–æ—Å—Ç–∞–≤–∞ –ø–æ—Ä–æ—à–∫–∞ –∏ –≤—ã–±–æ—Ä –ª—É—á—à–µ–≥–æ –≤–∞—Ä–∏–∞–Ω—Ç –¥–ª—è –¥–æ—Å—Ç–∏–∂–µ–Ω–∏—è –∂–µ–ª–∞–µ–º–æ–≥–æ —Ä–µ–∑—É–ª—å—Ç–∞—Ç–∞.
* –û–∫–∏—Å–ª–∏—Ç–µ–ª—å: –ø—Ä–æ—Ü–µ–Ω—Ç, –ø—Ä–æ–ø–æ—Ä—Ü–∏–∏, –Ω—é–∞–Ω—Å—ã: –æ–ø—Ç–∏–º–∞–ª—å–Ω—ã–π –ø—Ä–æ—Ü–µ–Ω—Ç –æ–∫–∏—Å–ª–∏—Ç–µ–ª—è –∏ –∏–¥–µ–∞–ª—å–Ω—ã–µ –ø—Ä–æ–ø–æ—Ä—Ü–∏–∏ —Å–º–µ—à–∏–≤–∞–Ω–∏—è –¥–ª—è –±–µ–∑–æ–ø–∞—Å–Ω–æ–π –∏ —ç—Ñ—Ñ–µ–∫—Ç–∏–≤–Ω–æ–π —Ä–∞–±–æ—Ç—ã.
* –ü—Ä–æ—Ñ–µ—Å—Å–∏–æ–Ω–∞–ª—å–Ω—ã–µ –¥–æ–±–∞–≤–∫–∏ ‚Äì —Å–µ–∫—Ä–µ—Ç–Ω–æ–µ –æ—Ä—É–∂–∏–µ: –∑–∞—â–∏—Ç–∞ –≤–æ–ª–æ—Å –≤–æ –≤—Ä–µ–º—è –∏ –ø–æ—Å–ª–µ –æ–±–µ—Å—Ü–≤–µ—á–∏–≤–∞–Ω–∏—è —Å –ø–æ–º–æ—â—å—é –∞–∫—Ç–∏–≤–Ω—ã—Ö –¥–æ–±–∞–≤–æ–∫.
* –ü–æ–ª–∏–º–µ—Ä–∏–∑–∞—Ü–∏—è –≤–æ–ª–æ—Å: —Ç–µ—Ö–Ω–∏–∫–∞ –æ–±–µ—Å—Ü–≤–µ—á–∏–≤–∞–Ω–∏—è —á–µ—Ä–µ–∑ –ø–æ–ª–∏–º–µ—Ä–∏–∑–∞—Ü–∏—é –¥–ª—è –º–∏–Ω–∏–º–∏–∑–∞—Ü–∏–∏ –ø–æ–≤—Ä–µ–∂–¥–µ–Ω–∏–π –∏ –¥–æ—Å—Ç–∏–∂–µ–Ω–∏—è –º–∞–∫—Å–∏–º–∞–ª—å–Ω–æ–≥–æ —Ä–µ–∑—É–ª—å—Ç–∞—Ç–∞.
* –ù–µ–π—Ç—Ä–∞–ª–∏–∑–∞—Ü–∏—è –∏ —Ç–æ–Ω–∏—Ä–æ–≤–∞–Ω–∏–µ: —ç–∫—Å–∫–ª—é–∑–∏–≤–Ω—ã–µ —Ä–µ—Ü–µ–ø—Ç—ã —Ç–æ–Ω–∏—Ä–æ–≤–∞–Ω–∏—è –¥–ª—è —Å–æ–∑–¥–∞–Ω–∏—è —Å–∞–º—ã—Ö –º–æ–¥–Ω—ã—Ö –æ—Ç—Ç–µ–Ω–∫–æ–≤ –±–ª–æ–Ω–¥–∞.
–¢—ã –Ω–∞—É—á–∏—à—å—Å—è –∞–Ω–∞–ª–∏–∑–∏—Ä–æ–≤–∞—Ç—å –ª—é–±—É—é –ø—Ä–æ–¥—É–∫—Ü–∏—é –∏ –∏–∑–±–µ–≥–∞—Ç—å –æ—à–∏–±–æ–∫ –≤ —Ä–∞–±–æ—Ç–µ.

–î–ï–ù–¨ 2: –ü–†–ê–ö–¢–ò–ö–ê –ù–ê –ú–û–î–ï–õ–Ø–•
–û—Ç —Ç–µ–æ—Ä–∏–∏ –∫ –ø—Ä–∞–∫—Ç–∏–∫–µ!                                                                                                                       –ó–∞–∫—Ä–µ–ø–∏ –ø–æ–ª—É—á–µ–Ω–Ω—ã–µ –∑–Ω–∞–Ω–∏—è –ø–æ–¥ —Ä—É–∫–æ–≤–æ–¥—Å—Ç–≤–æ–º –æ–ø—ã—Ç–Ω–æ–≥–æ –Ω–∞—Å—Ç–∞–≤–Ω–∏–∫–∞ –¢–∞—Ç—å—è–Ω—ã –õ–∏—Å–∏–Ω–æ–π:
* –û—Ç—Ä–∞–±–æ—Ç–∫–∞ –æ–±–µ—Å—Ü–≤–µ—á–∏–≤–∞–Ω–∏—è –Ω–∞ –º–æ–¥–µ–ª—è—Ö:                                                                                    –ø—Ä–∏–º–µ–Ω–∏ –≤—Å–µ –∏–∑—É—á–µ–Ω–Ω—ã–µ —Ç–µ—Ö–Ω–∏–∫–∏ –Ω–∞ –ø—Ä–∞–∫—Ç–∏–∫–µ –∏ –¥–æ–≤–µ–¥–∏ —Å–≤–æ–∏ –Ω–∞–≤—ã–∫–∏ –¥–æ —Å–æ–≤–µ—Ä—à–µ–Ω—Å—Ç–≤–∞.
* –û—Ç—Ä–∞–±–æ—Ç–∫–∞ –æ–±–µ—Å—Ü–≤–µ—á–∏–≤–∞–Ω–∏—è —á–µ—Ä–µ–∑ –ø–æ–ª–∏–º–µ—Ä–∏–∑–∞—Ü–∏—é:                                                                    –ø–æ–ª—É—á–∏ —Ä–µ–∑—É–ª—å—Ç–∞—Ç –∏–Ω–Ω–æ–≤–∞—Ü–∏–æ–Ω–Ω–æ–π —Ç–µ—Ö–Ω–∏–∫–∏ –∏ –ø–æ—á—É–≤—Å—Ç–≤—É–π —É–≤–µ—Ä–µ–Ω–Ω–æ—Å—Ç—å –≤ —Å–≤–æ–∏—Ö —Å–∏–ª–∞—Ö.
* –û—Ç—Ä–∞–±–æ—Ç–∫–∞ —Ä–µ—Ü–µ–ø—Ç–æ–≤ –Ω–µ–π—Ç—Ä–∞–ª–∏–∑–∞—Ü–∏–∏ –∏ —Ç–æ–Ω–∏—Ä–æ–≤–∞–Ω–∏—è:                                                                         —Å–æ–∑–¥–∞–π —Å–≤–æ–π –∏–¥–µ–∞–ª—å–Ω—ã–π –±–ª–æ–Ω–¥, –∏—Å–ø–æ–ª—å–∑—É—è –ø–æ–ª—É—á–µ–Ω–Ω—ã–µ —Ä–µ—Ü–µ–ø—Ç—ã.
* –°–æ–∑–¥–∞–Ω–∏–µ —É—Ö–æ–¥–æ–≤ –¥–ª—è –±–ª–æ–Ω–¥–∞ —Å–≤–æ–∏–º–∏ —Ä—É–∫–∞–º–∏:                                                                                  –Ω–∞—É—á–∏—Å—å —Å–æ–∑–¥–∞–≤–∞—Ç—å –ø–µ—Ä—Å–æ–Ω–∞–ª–∏–∑–∏—Ä–æ–≤–∞–Ω–Ω—ã–µ —É—Ö–æ–¥—ã, –∫–æ—Ç–æ—Ä—ã–µ –ø–æ–º–æ–≥—É—Ç —Å–æ—Ö—Ä–∞–Ω–∏—Ç—å —Ü–≤–µ—Ç –∏ –∑–¥–æ—Ä–æ–≤—å–µ –≤–æ–ª–æ—Å —Ç–≤–æ–∏—Ö –∫–ª–∏–µ–Ω—Ç–æ–∫.
–ü–û–°–õ–ï –ú–ê–°–¢–ï–†-–ö–õ–ê–°–°–ê –¢–´:
* –°—Ç–∞–Ω–µ—à—å —ç–∫—Å–ø–µ—Ä—Ç–æ–º –≤ –±–ª–æ–Ω–¥–∏—Ä–æ–≤–∞–Ω–∏–∏, —Å–ø–æ—Å–æ–±–Ω—ã–º —Å–æ–∑–¥–∞–≤–∞—Ç—å –ª—é–±—ã–µ –æ—Ç—Ç–µ–Ω–∫–∏!
* –£–≤–µ–ª–∏—á–∏—à—å —Å–≤–æ–π –¥–æ—Ö–æ–¥ –±–ª–∞–≥–æ–¥–∞—Ä—è –Ω–æ–≤—ã–º –∑–Ω–∞–Ω–∏—è–º –∏ –Ω–∞–≤—ã–∫–∞–º!
* –ü—Ä–∏–æ–±—Ä–µ—Ç–µ—à—å —É–≤–µ—Ä–µ–Ω–Ω–æ—Å—Ç—å –≤ —Å–µ–±–µ –∏ —Å–≤–æ–∏—Ö —Å–ø–æ—Å–æ–±–Ω–æ—Å—Ç—è—Ö!
* –ü–æ–ª—É—á–∏—à—å –°–µ—Ä—Ç–∏—Ñ–∏–∫–∞—Ç, –ø–æ–¥—Ç–≤–µ—Ä–∂–¥–∞—é—â–∏–π —Ç–≤–æ—é –∫–≤–∞–ª–∏—Ñ–∏–∫–∞—Ü–∏—é!
–ü–û–õ–£–ß–ò –ë–û–ù–£–°–´:
–£—á–µ–±–Ω—ã–µ –º–∞—Ç–µ—Ä–∏–∞–ª—ã, –ø–æ–¥–¥–µ—Ä–∂–∫–∞ –ø–æ—Å–ª–µ –æ–±—É—á–µ–Ω–∏—è, –¥–æ—Å—Ç—É–ø –∫ –∑–∞–∫—Ä—ã—Ç–æ–º—É —á–∞—Ç—É –¥–ª—è –æ–±–º–µ–Ω–∞ –æ–ø—ã—Ç–æ–º.
–ù–µ —É–ø—É—Å—Ç–∏ —Å–≤–æ–π —à–∞–Ω—Å —Å—Ç–∞—Ç—å –Ω–∞—Å—Ç–æ—è—â–∏–º –≥—É—Ä—É –±–ª–æ–Ω–¥–∞! 

üí∏ –°—Ç–æ–∏–º–æ—Å—Ç—å —É—á–∞—Å—Ç–∏—è

üìç –ü—Ä–∏ –±—Ä–æ–Ω–∏—Ä–æ–≤–∞–Ω–∏–∏ –¥–æ 15 –æ–∫—Ç—è–±—Ä—è:
–° –æ—Ç—Ä–∞–±–æ—Ç–∫–æ–π ‚Äî 25 000 ‚ÇΩ
–ë–µ–∑ –æ—Ç—Ä–∞–±–æ—Ç–∫–∏ ‚Äî 10 000 ‚ÇΩ

üìç –ü–æ—Å–ª–µ 15 –æ–∫—Ç—è–±—Ä—è:
–° –æ—Ç—Ä–∞–±–æ—Ç–∫–æ–π ‚Äî 27 000 ‚ÇΩ
–ë–µ–∑ –æ—Ç—Ä–∞–±–æ—Ç–∫–∏ ‚Äî 15 000 ‚ÇΩ"
"–ú–∞–∫—Å–∏–º –î–æ–∂–¥–∏–∫–æ–≤","–ú–æ—Å–∫–≤–∞ | 16-17 —Ñ–µ–≤—Ä–∞–ª—è; –°–∞–Ω–∫—Ç-–ü–µ—Ç–µ—Ä–±—É—Ä–≥ | 19-20 —Ñ–µ–≤—Ä–∞–ª—è; –¢—é–º–µ–Ω—å | 11-13 –º–∞—Ä—Ç–∞","–°–∫–æ—Ä–æ —Å—Ç–∞–Ω–µ—Ç –¥–æ—Å—Ç—É–ø–Ω–∞"
